Session,Player,Participant,Condition,Trial,CompletedThrows,Outcome,BallCentroidDistanceAtBrimPlane,DistanceMiss,LateralMiss,LongitudeMiss,BallSpeedMax,BallAltitudeMax,WristSpeedMax,DispatchDistance,DispatchElbowAltitude
1,1,1,Dark room,1,1,Miss,12.58364854086445,8.93364854086445,8.93364854086445,10.205999999999996,5.446972712805319,74.69850000000004,2.0587874281523084,138.3875,122.0322
1,1,1,Dark room,2,2,Miss,5.994949369628671,2.3449493696286714,2.3449493696286714,0.06959847036330924,5.1376539029018184,78.948,2.0266747920559856,156.59369999999998,124.62090000000002
1,1,1,Dark room,3,3,Miss,11.271568985726892,7.621568985726893,7.621568985726893,8.695200000000007,5.545548887349163,77.23640000000002,2.1486209363663944,150.4608,123.0035
1,1,1,Dark room,4,4,Miss,11.22404611893591,7.57404611893591,7.57404611893591,8.44400000000001,5.452735624618103,72.69250000000001,2.3005829513388747,146.5057,119.4289
1,1,1,Dark room,5,5,Miss,7.812160091165567,4.162160091165568,4.162160091165568,1.8763999999999958,4.960338715865089,67.98390000000002,2.375924073093982,148.0358,119.83409999999999
1,1,1,Dark room,6,6,Hit,2.0519385955724987,0.0,0.0,0.0,4.88833672324818,71.932,2.1907858634922395,146.695,117.51130000000002
1,1,1,Dark room,7,7,Miss,12.855051601996786,9.205051601996786,9.205051601996786,5.007700000000006,5.252810480094402,71.13480000000003,2.310347100181519,139.3245,119.52680000000001
1,1,1,Dark room,8,8,Miss,12.388897659598303,8.738897659598305,8.738897659598305,8.668900000000015,5.5136827677729805,75.53669999999998,2.1979196975127624,143.59279999999998,120.85709999999999
1,1,1,Dark room,9,9,Miss,12.987064144370745,9.337064144370746,9.337064144370746,7.780899999999995,5.147200379161941,73.23800000000001,2.211974784526085,147.67559999999997,119.2733
1,1,1,Dark room,10,10,Miss,12.030746377511246,8.380746377511247,8.380746377511247,1.786900000000009,5.3733858959595935,72.573,2.1916234710718716,140.2338,120.4819
1,1,1,Lit room,1,11,Miss,12.252206968950505,8.602206968950505,8.602206968950505,9.110400000000006,5.57278673833522,74.87000000000002,2.1107628714432005,147.4873,119.144
1,1,1,Lit room,2,12,Miss,7.984556625135801,4.334556625135802,4.334556625135802,0.0,5.157152134110065,75.37870000000002,2.0123917894313617,146.9985,121.94749999999999
1,1,1,Lit room,3,13,Miss,12.277308995459862,8.627308995459863,8.627308995459863,9.453499999999998,5.652996706346364,74.26910000000002,2.274150829318834,147.1515,125.2758
1,1,1,Lit room,4,14,Miss,7.824718288219689,4.174718288219689,4.174718288219689,3.4035999999999893,5.147831553961505,73.7599,2.018160665706532,142.5552,120.1379
1,1,1,Lit room,5,15,Miss,3.547524935782696,0.0,0.0,27.809999999999967,4.934705846599194,70.65400000000001,2.208686645101065,149.5509,120.9651
1,1,1,Lit room,6,16,Miss,6.534333448026648,2.8843334480266485,2.8843334480266485,0.7481999999999891,5.017404923049069,71.75660000000003,2.2158827215613344,144.3128,119.7175
1,1,1,Lit room,7,17,Hit,1.6622328507161634,0.0,0.0,0.0,4.9597424703250885,70.15070000000001,2.1487613966670356,149.7855,117.3399
1,1,1,Lit room,8,18,Miss,5.8313913991430795,2.18139139914308,2.18139139914308,2.424999999999975,5.358193768058726,68.06770000000002,2.253584987428644,149.93810000000002,118.54749999999999
1,1,1,Lit room,9,19,Hit,1.698608118431081,0.0,0.0,0.0,4.9615004071444595,68.0219,2.201419477056344,150.7165,117.5552
1,1,1,Lit room,10,20,Miss,13.88656086005458,10.236560860054581,10.236560860054581,5.5792999999999955,5.297201810685449,67.88315000000001,2.2874542683154866,134.7298,118.5514
1,2,2,Dark room,1,1,Miss,22.8418886060238,19.191888606023802,19.191888606023802,20.380700000000026,5.5044963609289494,78.9131,2.5261848028455156,157.3577,107.9531
1,2,2,Dark room,2,2,Miss,3.83575503910248,0.1857550391024807,0.1857550391024807,8.759499999999996,4.881263074236346,72.76629999999999,2.252486156745922,157.66680000000002,107.70033871206516
1,2,2,Dark room,3,3,Miss,4.286186267534345,0.6361862675343453,0.6361862675343453,0.0,4.823399569449249,75.2256,2.132928705441957,157.2209,116.20396983546618
1,2,2,Dark room,4,4,Miss,15.724102524468602,12.074102524468604,12.074102524468604,13.131999999999998,5.5190438709479555,76.31680000000001,2.3108852410714764,155.79919999999998,109.93610000000001
1,2,2,Dark room,5,5,Miss,7.493517295636277,3.8435172956362775,3.8435172956362775,4.095300000000001,4.878873127656661,73.91629999999999,2.277624399100717,156.4624,112.5613
1,2,2,Dark room,6,6,Miss,12.147849688319313,8.497849688319313,8.497849688319313,7.711000000000005,5.414013153969669,77.1787,2.4318673719802,157.0448,107.18969999999999
1,2,2,Dark room,7,7,Hit,0.09634157980851402,0.0,0.0,0.0,4.761017608206202,76.43279999999997,2.3924631018953915,156.5571,109.22619999999999
1,2,2,Dark room,8,8,Miss,10.121304789897396,6.471304789897396,6.471304789897396,20.284,4.688224482215967,72.89850000000003,2.226183073453988,159.957,107.3772
1,2,2,Dark room,9,9,Miss,9.03175595994489,5.381755959944891,5.381755959944891,0.0,5.058757666758279,72.46510000000002,2.303711114374228,154.5528,107.81670226480838
1,2,2,Dark room,10,10,Miss,19.02441316466817,15.374413164668173,15.374413164668173,11.991699999999987,5.128383601711187,73.92019999999998,2.4203938824346123,150.9249,109.5268
1,2,2,Lit room,1,11,Miss,11.90526556486665,8.25526556486665,8.25526556486665,7.837099999999984,5.462240729596075,72.33519999999999,2.4764605698977498,152.8297,107.72282849740931
1,2,2,Lit room,2,12,Hit,2.2198738718745132,0.0,0.0,0.0,4.844487618360932,72.24450000000002,2.4848180634749006,152.43990000000002,107.54693427812224
1,2,2,Lit room,3,13,Miss,9.30551857018188,5.65551857018188,5.65551857018188,7.1018999999999926,5.4496753253554315,74.02460000000002,2.466787402255187,153.4545,108.3269194898366
1,2,2,Lit room,4,14,Miss,5.170244262121473,1.5202442621214738,1.5202442621214738,0.08570000000000899,4.964141812596673,71.09550000000002,2.4148269751452243,152.95530000000002,108.74637523809525
1,2,2,Lit room,5,15,Miss,5.279852222363813,1.6298522223638132,1.6298522223638132,1.8863000000000119,4.776180543461631,72.24220000000003,2.1936960110047643,157.7734,109.14027431355183
1,2,2,Lit room,6,16,Miss,7.545350993161284,3.8953509931612844,3.8953509931612844,0.0,5.09642579261221,73.2413,2.434305347709322,156.5207,108.869
1,2,2,Lit room,7,17,Hit,1.0773541664652333,0.0,0.0,0.0,4.7766788233836115,72.92940000000002,2.361426263430343,154.5788,108.39630000000001
1,2,2,Lit room,8,18,Hit,0.7384598567288384,0.0,0.0,0.0,4.888400212075442,69.2228,2.4011943336817025,149.5825,106.82994631043258
1,2,2,Lit room,9,19,Miss,11.273160512030323,7.623160512030323,7.623160512030323,7.867799999999995,5.391913403813641,73.20670000000001,2.461277365352236,151.53910000000002,113.40200000000002
1,2,2,Lit room,10,20,Miss,5.008977301805232,1.3589773018052327,1.3589773018052327,0.0,4.751193400908801,70.61429999999999,2.396078587213325,152.0992,106.19810000000001
2,1,3,Dark room,1,1,Miss,16.18152562955669,12.53152562955669,12.53152562955669,4.9957999999999805,5.144598174014786,80.4898,2.1585820530647837,156.87699999999998,126.81420000000003
2,1,3,Dark room,2,2,Miss,20.578284984419867,16.928284984419868,16.928284984419868,18.01370000000002,5.511845063975592,86.06129999999999,2.4357737875724554,162.1705,123.837
2,1,3,Dark room,3,3,Miss,10.98825626566837,7.338256265668371,7.338256265668371,5.08060000000001,5.047167070946548,80.3459,2.490154864490228,165.23579999999998,
2,1,3,Dark room,4,4,Miss,11.98906175144664,8.33906175144664,8.33906175144664,9.181700000000014,5.382431358438458,84.1078,2.354844391091295,165.65659999999997,
2,1,3,Dark room,5,5,Miss,20.55498280514972,16.90498280514972,16.90498280514972,13.500800000000005,5.2790845977072465,79.54329999999999,2.3195211661425477,160.1597,
2,1,3,Dark room,6,6,Hit,2.410581150304085,0.0,0.0,0.0,5.084681935178225,76.65910000000002,2.3422849198901408,156.13539999999998,
2,1,3,Dark room,7,7,Miss,9.121740300266366,5.471740300266366,5.471740300266366,2.4367957001102445,5.141377699128335,72.57310000000001,2.518060187774997,148.7873,121.1779
2,1,3,Dark room,8,8,Miss,14.653528757947694,11.003528757947695,11.003528757947695,0.0,5.139132222202488,75.7947,2.3903059974723395,156.24679999999998,
2,1,3,Dark room,9,9,Miss,3.9743050021355764,0.3243050021355769,0.3243050021355769,5.1525999999999845,5.104237735457124,71.096,2.34783501840887,153.12199999999999,122.7569
2,1,3,Dark room,10,10,Miss,10.123069157128212,6.473069157128212,6.473069157128212,19.221700000000006,4.986760396589699,74.06119999999999,2.541466307050202,152.58459999999997,121.43710000000002
2,1,3,Lit room,1,11,Miss,5.323382482031504,1.6733824820315046,1.6733824820315046,1.2966000000000042,4.747939119617989,76.23780000000004,2.467269926936187,156.5185,122.19760000000002
2,1,3,Lit room,2,12,Hit,1.3886605506182563,0.0,0.0,0.0,4.936589485034738,73.98110000000001,2.389606216276891,155.6746,
2,1,3,Lit room,3,13,Miss,16.530820655067323,12.880820655067325,12.880820655067325,13.488900000000022,5.518405072698385,75.665,2.5801991417715526,153.162,
2,1,3,Lit room,4,14,Miss,10.44235581705584,6.792355817055841,6.792355817055841,0.053600000000009196,5.210366552862617,75.66090000000001,2.480675028098524,159.5884,
2,1,3,Lit room,5,15,Hit,2.683891993043603,0.0,0.0,0.0,4.904846733606085,73.67510000000003,2.4397767365435605,157.05509999999998,
2,1,3,Lit room,6,16,Hit,1.6116623219520898,0.0,0.0,0.0,4.931943734480791,75.49560000000001,2.426183174011142,159.353,
2,1,3,Lit room,7,17,Miss,4.858141152745566,1.2081411527455668,1.2081411527455668,0.48040000000000926,4.859464738002439,71.99840000000002,2.5075722541484775,156.9707,
2,1,3,Lit room,8,18,Miss,4.291824288108732,0.6418242881087322,0.6418242881087322,2.6348000000000047,4.916164172406968,75.39090000000003,2.4776574240514146,157.1873,
2,1,3,Lit room,9,19,Miss,0.0646431714264262,0.0,0.0,0.0,4.8626080168621515,75.03560000000003,2.50558162742306,159.4977,
2,1,3,Lit room,10,20,Miss,12.260436912280088,8.61043691228009,8.61043691228009,8.989900000000013,5.44352147849909,76.38750000000003,2.483203386625506,153.7826,
2,2,4,Dark room,1,1,Miss,,0.0,0.0,0.0,5.049497604805819,85.98299999999999,2.0942730312597884,169.07620000000003,
2,2,4,Dark room,2,2,Hit,1.042760139818282,0.0,0.0,0.0,5.059161724913417,90.23100000000001,1.9054232396440722,177.56150000000002,
2,2,4,Dark room,3,3,Hit,0.3221219602042299,0.0,0.0,0.0,5.015925394004354,93.7434,2.005526782980267,158.9608,
2,2,4,Dark room,4,4,Miss,,0.0,0.0,0.0,4.960528686193096,90.3093,1.9790921678220514,169.23670000000004,
2,2,4,Dark room,5,5,Miss,6.710825288293512,3.060825288293513,3.060825288293513,3.7483999999999815,5.222746508005051,89.4361,2.063585285581867,184.07230000000004,
2,2,4,Dark room,6,6,Miss,11.200192056388996,7.550192056388997,7.550192056388997,8.681699999999985,5.533496408978699,91.3182,2.0517126944782045,183.25420000000003,
2,2,4,Dark room,7,7,Miss,5.32528928979452,1.6752892897945202,1.6752892897945202,9.753500000000038,4.943404522243349,92.3343,1.9812294823951555,179.36380000000003,
2,2,4,Dark room,8,8,Miss,20.17868023285965,16.528680232859653,16.528680232859653,25.933400000000027,4.869022319291976,90.48219999999999,2.0592807635809702,189.39520000000005,
2,2,4,Dark room,9,9,Miss,,0.0,0.0,0.0,4.992415651870545,93.1502,2.087758439583689,184.77920000000003,
2,2,4,Dark room,10,10,Miss,12.724948326810564,9.074948326810564,9.074948326810564,8.684399999999961,5.553791137075227,92.04040000000002,2.2062612516608606,159.47870000000003,
2,2,4,Lit room,1,11,Hit,0.016464294560459346,0.0,0.0,0.0563096169519417,5.109453967930222,84.63280000000002,2.178941064173467,163.131,
2,2,4,Lit room,2,12,Miss,28.25145088875966,24.60145088875966,24.60145088875966,25.870699999999978,5.953147702453233,87.01089999999998,2.218519331998932,159.3436,
2,2,4,Lit room,3,13,Miss,13.337162760497465,9.687162760497465,9.687162760497465,23.232500000000023,4.923582617042018,85.1632,2.180429804055042,187.29810000000003,
2,2,4,Lit room,4,14,Miss,10.772905859144956,7.122905859144956,7.122905859144956,8.357599999999998,5.60931324136472,84.80080000000002,2.328286383389741,161.3854,
2,2,4,Lit room,5,15,Miss,4.655172027970611,1.0051720279706116,1.0051720279706116,28.168400000000027,5.049257012398117,83.1589,2.2593781506553783,117.57570000000001,133.5541
2,2,4,Lit room,6,16,Miss,10.719734272825956,7.069734272825957,7.069734272825957,7.928900000000005,5.608616719660266,89.1992,2.1477895110860405,160.279,
2,2,4,Lit room,7,17,Miss,5.697279724570335,2.047279724570336,2.047279724570336,1.9675000000000216,5.132074050035888,86.58050000000001,2.2507881975501793,185.21910000000003,138.91819999999998
2,2,4,Lit room,8,18,Miss,21.079483072409538,17.42948307240954,17.42948307240954,18.147699999999965,6.112291958887494,82.2522,2.2898296351413134,158.52190000000002,
2,2,4,Lit room,9,19,Miss,6.034828050574433,2.3848280505744333,2.3848280505744333,0.0,5.048264066870521,86.86559999999999,2.1955732777647583,169.21990000000002,
2,2,4,Lit room,10,20,Miss,4.802407609730775,1.1524076097307754,1.1524076097307754,12.487500000000018,5.062123252555568,84.3967,2.1056926520078907,168.9336,137.50440000000003
3,1,5,Dark room,1,1,Miss,22.57536924725705,18.925369247257052,18.925369247257052,19.847399999999972,5.564871613506452,70.33290000000001,2.968968154512944,156.8675,
3,1,5,Dark room,2,2,Hit,1.6542763522146495,0.0,0.0,0.0,4.6304088339350775,64.25500000000001,2.7572686658595615,153.96210000000002,
3,1,5,Dark room,3,3,Miss,18.511565432453306,14.861565432453308,14.861565432453308,24.401700000000012,4.66257289775486,64.6074,2.6440129140729116,164.1954,
3,1,5,Dark room,4,4,Miss,7.918560891980294,4.268560891980295,4.268560891980295,5.469599999999978,5.110689991149335,67.07110000000002,2.976934575442458,162.7226,
3,1,5,Dark room,5,5,Miss,9.973187306974642,6.323187306974643,6.323187306974643,20.940500000000007,4.582037625034048,69.4541,2.7379668530741195,168.90540000000001,
3,1,5,Dark room,6,6,Miss,12.447691045732137,8.797691045732137,8.797691045732137,2.3440000000000003,4.81159879222368,69.7232,2.5666876401267347,167.67430000000002,
3,1,5,Dark room,7,7,Miss,9.487659418950493,5.837659418950493,5.837659418950493,1.2968000000000108,4.862539570111001,66.89229999999999,2.7694988966085017,167.127,
3,1,5,Dark room,8,8,Miss,9.412772038565464,5.762772038565465,5.762772038565465,5.938200000000001,5.30325358295929,71.539,2.4981452186451873,167.58960000000002,
3,1,5,Dark room,9,9,Miss,,0.0,0.0,0.0,4.673754413260784,72.29710000000001,2.5620887729461197,169.072,
3,1,5,Dark room,10,10,Miss,18.015980475677704,14.365980475677706,14.365980475677706,24.88060000000001,4.569914256009504,72.0937,2.0639326254637216,172.5463,
3,1,5,Lit room,1,11,Miss,27.907267905332485,24.257267905332487,24.257267905332487,23.119200000000014,5.603001902813932,73.5384,3.0600401991771213,159.2664,
3,1,5,Lit room,2,12,Miss,12.290198177816338,8.640198177816337,8.640198177816337,5.572500000000011,4.776016388569081,73.1269,2.8383040084725444,167.8676,
3,1,5,Lit room,3,13,Miss,23.13050663885249,19.480506638852493,19.480506638852493,20.480200000000004,5.61260436369449,74.2142,2.1135712140131884,164.2433,
3,1,5,Lit room,4,14,Miss,6.7522338851672,3.102233885167201,3.102233885167201,19.85410000000001,4.540124066677006,61.81480000000002,2.884277010420161,170.659,
3,1,5,Lit room,5,15,Miss,3.962261406065993,0.3122614060659936,0.3122614060659936,9.449599999999997,4.750433686113468,67.83150000000003,2.28076739628629,169.9711,
3,1,5,Lit room,6,16,Miss,12.880013746110658,9.230013746110657,9.230013746110657,10.358199999999975,5.329440847971015,75.01960000000003,2.287096424128223,169.5322,
3,1,5,Lit room,7,17,Hit,0.6288024332014109,0.0,0.0,0.0,4.744421787700081,73.691,2.873272935244785,173.6096,
3,1,5,Lit room,8,18,Miss,4.659448830065638,1.0094488300656383,1.0094488300656383,2.969600000000006,4.848084281558731,74.16790000000003,2.9883017612500873,177.70870000000002,
3,1,5,Lit room,9,19,Hit,0.7049107129065659,0.0,0.0,0.0,4.833201812108995,74.07230000000001,1.2343596883053234,173.5515,
3,1,5,Lit room,10,20,Miss,10.754626929838151,7.104626929838152,7.104626929838152,0.0,5.030285327650533,78.44450000000003,1.6139343420991488,178.6877,
3,2,6,Dark room,1,1,Miss,8.171720703132234,4.521720703132234,4.521720703132234,0.0,5.742766823348186,86.7998,3.6387830519088156,154.3435,121.44410000000002
3,2,6,Dark room,2,2,Miss,15.518984852431553,11.868984852431552,11.868984852431552,11.5473,6.064057284699191,83.89430000000002,3.3722951184021674,153.4513,111.75854429247764
3,2,6,Dark room,3,3,Miss,7.676056152087477,4.026056152087477,4.026056152087477,5.186299999999995,5.539536456530637,84.0292,3.7513273449439533,173.13150000000002,120.83770000000001
3,2,6,Dark room,4,4,Miss,5.619369606103518,1.9693696061035189,1.9693696061035189,0.0,5.476438243314242,82.15699999999998,3.305119705905452,164.7454,117.9975
3,2,6,Dark room,5,5,Miss,5.845255402461042,2.1952554024610427,2.1952554024610427,0.0,5.715326456308194,82.7705,3.0162336706703985,152.8442,113.50840000000001
3,2,6,Dark room,6,6,Hit,0.17389337270042854,0.0,0.0,0.0,5.593168846321639,85.69200000000001,3.0018841482528402,171.10430000000002,110.0356
3,2,6,Dark room,7,7,Miss,21.47689028723666,17.82689028723666,17.82689028723666,17.901199999999996,6.231731885336183,83.2038,3.7615455775890587,163.2155,121.3058
3,2,6,Dark room,8,8,Hit,1.513347048747978,0.0,0.0,2.278054888507717,5.760996469574256,85.85319999999999,3.3415002500706374,160.3706,119.26810000000002
3,2,6,Dark room,9,9,Hit,0.13260731865673978,0.0,0.0,1.8134828182942107,5.652460796248332,85.755,3.3400441484242833,165.5101,115.94120000000002
3,2,6,Dark room,10,10,Miss,6.556479402850281,2.906479402850281,2.906479402850281,0.0,5.842051687992818,86.49539999999999,3.5512027521028204,162.8064,119.3436
3,2,6,Lit room,1,11,Miss,12.420857447052525,8.770857447052524,8.770857447052524,9.716100000000004,6.394678095258197,85.9503,3.1150947326652205,156.5426,120.40580000000001
3,2,6,Lit room,2,12,Miss,9.557058083950338,5.907058083950338,5.907058083950338,7.434900000000019,6.299438018591237,86.36760000000001,3.103357630630468,155.67409999999998,115.81110000000002
3,2,6,Lit room,3,13,Hit,2.525523594804296,0.0,0.0,1.7784992502883403,5.682898539743922,86.59640000000002,2.856352516987381,148.24719999999996,115.2476
3,2,6,Lit room,4,14,Hit,0.8836137165073676,0.0,0.0,4.502552129925426,5.721933092560784,84.59370000000004,2.879978156015723,156.385,113.56120000000001
3,2,6,Lit room,5,15,Miss,13.560378508729025,9.910378508729025,9.910378508729025,11.144100000000016,6.22362231102434,86.0274,3.0092758131844395,157.6563,111.9495
3,2,6,Lit room,6,16,Miss,8.416133267124534,4.766133267124535,4.766133267124535,6.067400000000041,5.971202273891524,84.94850000000002,2.973996590334587,165.08959999999996,109.44030000000001
3,2,6,Lit room,7,17,Miss,12.131302353828298,8.481302353828298,8.481302353828298,1.8327999999999696,5.617061896536595,83.4453,2.846843866866546,165.10929999999996,113.9278
3,2,6,Lit room,8,18,Hit,1.2517634911223476,0.0,0.0,3.4924781081080942,5.630466023781761,84.15920000000003,2.8275225045947208,160.64819999999997,120.03530258668134
3,2,6,Lit room,9,19,Miss,11.044354011892231,7.394354011892232,7.394354011892232,0.0,5.880778522184015,84.99960000000002,2.897209846482412,162.97979999999998,112.5934
3,2,6,Lit room,10,20,Miss,6.352620674965569,2.7026206749655692,2.7026206749655692,0.0,5.55616073404503,85.83869999999999,2.881919916078983,166.65449999999998,112.6868
4,1,7,Dark room,1,1,Miss,3.946792450839046,0.2967924508390465,0.2967924508390465,9.082500000000017,5.199778242201318,71.97830000000002,1.9895235385071408,166.2406,
4,1,7,Dark room,2,2,Hit,2.5740691909892393,0.0,0.0,0.0,5.069092497724618,74.5676,2.1646337987140725,165.86380000000003,114.1878
4,1,7,Dark room,3,3,Miss,10.744295418499982,7.094295418499983,7.094295418499983,8.270099999999978,5.737143513811992,74.382,2.2418687338223693,163.56820000000002,115.3805
4,1,7,Dark room,4,4,Miss,4.739015748021945,1.0890157480219456,1.0890157480219456,3.637900000000008,5.202841008085344,72.43630000000002,2.1713739480224423,165.87490000000003,112.1675
4,1,7,Dark room,5,5,Miss,10.368647127277498,6.718647127277499,6.718647127277499,4.769799999999996,5.308488006614149,74.43640000000002,2.2794755238003317,165.9366,115.2067
4,1,7,Dark room,6,6,Hit,0.6403793641272417,0.0,0.0,0.0,5.068047843063646,74.37460000000002,2.157697713615953,165.56380000000001,111.44180638132296
4,1,7,Dark room,7,7,Miss,7.278667112184757,3.6286671121847576,3.6286671121847576,8.644099999999987,5.165777994392876,73.70540000000003,2.265098718618573,164.03740000000002,112.2021
4,1,7,Dark room,8,8,Hit,1.3797698648687733,0.0,0.0,0.0,5.164587693380224,72.54970000000003,2.1559046822509966,163.0541,111.81150000000001
4,1,7,Dark room,9,9,Hit,2.5618555775062557,0.0,0.0,0.0,5.263545720456806,72.5078,2.315633689884066,165.77390000000003,
4,1,7,Dark room,10,10,Miss,11.911091829467187,8.261091829467187,8.261091829467187,10.25820000000001,5.1811638578135435,70.42020000000002,2.3890417493187206,167.5899,110.48510000000002
4,1,7,Lit room,1,11,Miss,3.909648383166953,0.2596483831669536,0.2596483831669536,6.996299999999997,5.116796066700293,71.3541,2.1553583968850463,162.19349999999997,109.21650000000001
4,1,7,Lit room,2,12,Miss,3.9401662147681042,0.2901662147681048,0.2901662147681048,6.852799999999994,5.380344366972691,70.46570000000001,2.389026282298302,164.68259999999998,
4,1,7,Lit room,3,13,Miss,5.641711663139109,1.9917116631391094,1.9917116631391094,0.0,4.8706383299351215,75.7332,2.262965490686253,166.3587,108.07180000000001
4,1,7,Lit room,4,14,Hit,2.8079220377353766,0.0,0.0,0.0,5.105719604328415,75.3771,2.2787021918765897,173.2403,116.56320000000001
4,1,7,Lit room,5,15,Miss,5.576857805251986,1.926857805251987,1.926857805251987,9.15359999999999,5.09693881599271,75.18799999999997,2.181688860089751,162.2988,113.5651
4,1,7,Lit room,6,16,Miss,5.369176589571254,1.719176589571255,1.719176589571255,8.064299999999996,5.105837971180015,73.9739,2.09534659824862,159.26749999999998,
4,1,7,Lit room,7,17,Miss,11.105535888915956,7.455535888915956,7.455535888915956,3.83469999999999,5.431907363083194,74.77230000000002,2.065864380681819,141.774,
4,1,7,Lit room,8,18,Miss,6.813619455913285,3.1636194559132855,3.1636194559132855,20.11719999999999,4.971829273897996,73.27149999999999,2.2218554726377344,170.85129999999998,
4,1,7,Lit room,9,19,Miss,4.045190054867631,0.3951900548676317,0.3951900548676317,5.715699999999976,5.129146623552195,75.6186,2.1812547573678533,144.088,
4,1,7,Lit room,10,20,Miss,5.080187304617818,1.4301873046178182,1.4301873046178182,2.1399999999999926,5.0122432862033035,77.16949999999999,1.9647890276262014,180.6043,115.7699
4,2,8,Dark room,1,1,Miss,16.555637771164232,12.905637771164233,12.905637771164233,13.915200000000006,5.731812876619446,81.5437,1.8971710296303355,160.52609999999999,119.53099999999999
4,2,8,Dark room,2,2,Hit,2.1193488074861127,0.0,0.0,0.0,5.020943082508987,82.55330000000001,1.8081807716030334,162.5554,121.5895
4,2,8,Dark room,3,3,Miss,39.60940366983577,35.95940366983577,35.95940366983577,0.0,5.105165903758368,83.0856,1.8370543887956132,165.9569,123.00170000000003
4,2,8,Dark room,4,4,Miss,8.013909555890924,4.363909555890925,4.363909555890925,20.56709999999999,5.002184750641521,78.66050000000001,1.6819712750157303,171.0084,118.53810000000001
4,2,8,Dark room,5,5,Miss,6.001654216130732,2.3516542161307328,2.3516542161307328,15.706599999999987,4.99294164970952,81.6157,1.8272777200484327,171.0267,123.9331
4,2,8,Dark room,6,6,Miss,14.704812082104281,11.05481208210428,11.05481208210428,6.505600000000022,5.33357070566357,83.82570000000001,1.7920918204298808,166.12529999999998,120.20039999999999
4,2,8,Dark room,7,7,Hit,0.7275767133671055,0.0,0.0,0.0,5.174352916217715,80.96629999999999,1.8637149340419166,166.6252,120.76010000000002
4,2,8,Dark room,8,8,Miss,22.425480575675532,18.775480575675534,18.775480575675534,19.12840000000002,5.913202631824032,83.80680000000001,1.6688026579729422,162.53019999999998,120.2925
4,2,8,Dark room,9,9,Miss,,0.0,0.0,0.0,4.978822617702662,82.7902,1.8539315970130739,166.0377,122.13369999999999
4,2,8,Dark room,10,10,Miss,5.605826505520824,1.9558265055208244,1.9558265055208244,14.423099999999998,4.981954185423616,79.5574,1.883695365207112,166.08339999999998,121.3948
4,2,8,Lit room,1,11,Miss,15.938573518354765,12.288573518354767,12.288573518354767,12.162600000000005,5.724204105090132,78.27780000000001,2.0607672846310616,155.6448,120.59240000000001
4,2,8,Lit room,2,12,Miss,33.20308089861544,29.55308089861544,29.55308089861544,36.62760000000001,5.079433167774759,79.69580000000002,1.8503520327851877,157.85819999999998,118.807
4,2,8,Lit room,3,13,Miss,5.4197465115999615,1.769746511599962,1.769746511599962,0.3678999999999979,5.048096799397596,80.149,1.8216144814748916,160.3723,123.519
4,2,8,Lit room,4,14,Miss,10.066712087369947,6.416712087369947,6.416712087369947,5.6643999999999926,5.633969506850901,80.84050000000002,1.9420163403145065,157.21009999999998,118.7024
4,2,8,Lit room,5,15,Miss,,0.0,0.0,0.0,5.044441156865168,80.5607,1.9058068064455953,158.6679,122.10340000000002
4,2,8,Lit room,6,16,Hit,2.593220822222172,0.0,0.0,1.7430695244474128,5.000002034807601,79.37,1.8390304837742186,155.86399999999998,120.86900000000001
4,2,8,Lit room,7,17,Miss,5.7255992542265775,2.075599254226578,2.075599254226578,11.35526426116838,5.0330480797432005,79.4374,1.862412203760612,158.27679999999998,119.6663
4,2,8,Lit room,8,18,Miss,6.013320408892245,2.3633204088922453,2.3633204088922453,17.126399999999997,4.932800660051344,80.21869999999998,1.742648165434313,163.4767,121.80229999999999
4,2,8,Lit room,9,19,Miss,18.161984870877966,14.511984870877967,14.511984870877967,7.286399999999992,5.2819025096511885,79.4513,1.8824414607818054,160.94469999999998,119.66730000000001
4,2,8,Lit room,10,20,Miss,4.149960387762751,0.4999603877627514,0.4999603877627514,2.4117999999999915,5.022777577735254,81.66069999999999,1.723265437799378,162.12169999999998,120.46459999999999
5,1,9,Dark room,1,1,Miss,6.766881238059368,3.116881238059369,3.116881238059369,1.4739000000000066,5.082379574943424,102.78860000000003,1.9389734608152691,152.1361,115.62677993273546
5,1,9,Dark room,2,2,Miss,7.327489310807623,3.6774893108076236,3.6774893108076236,4.672299999999999,5.226680753647299,99.31900000000002,1.9626949726345597,150.5808,112.16900000000001
5,1,9,Dark room,3,3,Miss,12.630204087424715,8.980204087424717,8.980204087424717,0.0,5.023173176855201,101.38660000000002,2.089903785545877,158.75820000000002,122.34440000000001
5,1,9,Dark room,4,4,Miss,27.238005471950387,23.58800547195039,23.58800547195039,22.422799999999988,5.19847995718614,104.98480000000004,2.092253990409843,142.03140000000002,114.54390000000002
5,1,9,Dark room,5,5,Miss,17.810087470868847,14.160087470868849,14.160087470868849,14.099599999999988,5.290743074367397,104.05050000000003,1.7102257462486574,152.8827,116.42880000000001
5,1,9,Dark room,6,6,Miss,3.0613701797561528,0.0,0.0,1.1555383177570127,5.699182323022146,105.95840000000001,1.6822036231114186,136.19,125.30350000000001
5,1,9,Dark room,7,7,Miss,7.4474015636327895,3.79740156363279,3.79740156363279,6.264000000000002,4.858277146862836,105.6209,1.9630546506684352,160.40460000000002,117.13670000000002
5,1,9,Dark room,8,8,Miss,10.34658792452855,6.69658792452855,6.69658792452855,5.993799999999999,5.309939213407651,100.43380000000002,1.942033221492853,153.6011,119.46010000000001
5,1,9,Dark room,9,9,Miss,15.531208665136145,11.881208665136146,11.881208665136146,8.614600000000003,5.119950912110988,102.5925,1.9350907526545416,161.2701,112.61409673387769
5,1,9,Dark room,10,10,Miss,15.287092978064855,11.637092978064857,11.637092978064857,7.338599999999992,5.1258450134218005,100.49040000000002,1.936081097316962,152.3717,118.6175
5,1,9,Lit room,1,11,Miss,11.139982041727,7.489982041727001,7.489982041727001,7.345800000000003,5.31791988885217,97.55050000000001,1.971642882036812,149.7883,114.28610000000002
5,1,9,Lit room,2,12,Miss,22.556875869233306,18.906875869233307,18.906875869233307,20.000700000000016,5.4901350687199715,95.2263,2.146253671629266,150.3739,115.4356
5,1,9,Lit room,3,13,Hit,2.8041952464120676,0.0,0.0,0.0,4.8605228691306435,98.79010000000004,2.0245313765064394,159.1329,114.8229
5,1,9,Lit room,4,14,Hit,0.929056257715343,0.0,0.0,0.0,4.827529040127101,94.94790000000002,1.9962533371236533,153.9013,114.44330000000001
5,1,9,Lit room,5,15,Miss,14.737851402765607,11.087851402765608,11.087851402765608,11.87340000000001,5.407376575452105,94.70570000000002,2.120691288828122,152.0857,118.25106654182272
5,1,9,Lit room,6,16,Hit,1.7088687047283684,0.0,0.0,0.0,4.88862731863708,98.36840000000002,2.1857554518362843,165.7072,118.52320000000002
5,1,9,Lit room,7,17,Miss,,0.0,0.0,0.0,4.76766712549061,100.8368,2.1112820811380426,168.2269,119.29235084745763
5,1,9,Lit room,8,18,Hit,2.6766057624210693,0.0,0.0,0.0,4.8311498264323545,97.57370000000002,2.0297616037439115,158.59709999999998,115.71154774774776
5,1,9,Lit room,9,19,Miss,5.37816171289038,1.7281617128903806,1.7281617128903806,1.6781000000000068,4.835064154665203,100.32660000000003,2.3494168846375953,163.1629,120.56230000000002
5,1,9,Lit room,10,20,Hit,0.475729387362198,0.0,0.0,0.0,4.873168650825904,98.70990000000002,2.021450473400679,158.9486,116.26020000000003
5,2,10,Dark room,1,1,Miss,16.00457828903966,12.354578289039662,12.354578289039662,11.478999999999992,5.806897955662159,81.65830000000003,2.395478657521113,156.9084,
5,2,10,Dark room,2,2,Miss,10.278896438820656,6.628896438820656,6.628896438820656,14.013200000000019,5.142909063535966,78.28850000000003,2.265807947939248,168.13090000000003,
5,2,10,Dark room,3,3,Miss,21.608389529300865,17.958389529300867,17.958389529300867,16.244599999999984,6.02001569639787,85.7301,1.616170362047538,161.79430000000002,
5,2,10,Dark room,4,4,Miss,6.222274941691343,2.5722749416913437,2.5722749416913437,7.028700000000007,4.9990537224291005,83.60650000000001,2.1230193739387606,172.1782,126.42000000000002
5,2,10,Dark room,5,5,Miss,5.971544384830449,2.3215443848304496,2.3215443848304496,0.0,5.092065593879223,82.38979999999998,2.355167919150471,171.27270000000001,
5,2,10,Dark room,6,6,Miss,3.9056973052196673,0.2556973052196678,0.2556973052196678,6.335400000000013,5.105723431662042,80.8897,2.1743623460607306,165.4326,
5,2,10,Dark room,7,7,Miss,4.603504641031664,0.9535046410316648,0.9535046410316648,4.597600000000006,5.149515962919146,79.4109,2.201135161716329,160.0005,125.2163
5,2,10,Dark room,8,8,Miss,9.993103364320813,6.343103364320814,6.343103364320814,8.062700000000014,5.284896363399176,80.3528,2.205020652132829,158.39380000000003,
5,2,10,Dark room,9,9,Miss,13.369611419932886,9.719611419932885,9.719611419932885,11.023999999999994,6.056005998268042,79.79250000000002,2.518466973139802,155.3325,125.72319999999999
5,2,10,Dark room,10,10,Hit,1.8666645467249783,0.0,0.0,0.0,5.390669227283312,81.17710000000002,2.229211509297673,166.04180000000002,
5,2,10,Lit room,1,11,Miss,4.032227941225554,0.3822279412255547,0.3822279412255547,11.02010000000002,5.377235872032711,84.64880000000001,2.1625971342904586,165.3685,
5,2,10,Lit room,2,12,Miss,0.49530949364994986,0.0,0.0,1.766018096723875,5.376644975539814,79.1021,2.3604246155397526,158.6065,
5,2,10,Lit room,3,13,Miss,5.314366898323841,1.6643668983238413,1.6643668983238413,2.0099333333333425,5.29566976839446,83.3848,2.3187148400598945,165.8863,
5,2,10,Lit room,4,14,Miss,,0.0,0.0,0.0,5.380033189989689,78.52219999999998,2.3729336916697994,158.12130000000002,
5,2,10,Lit room,5,15,Miss,4.659264711303714,1.0092647113037145,1.0092647113037145,4.6362000000000085,5.281042518363467,75.5888,2.344246692428195,157.068,
5,2,10,Lit room,6,16,Miss,4.190383000395084,0.5403830003950842,0.5403830003950842,9.7421,5.229398981523921,78.61310000000002,2.088786115576132,159.6982,
5,2,10,Lit room,7,17,Miss,5.9651520181802615,2.315152018180262,2.315152018180262,0.0,5.273830351524181,77.65659999999998,2.399524005709273,162.39170000000001,125.91770000000001
5,2,10,Lit room,8,18,Miss,6.659591612854339,3.009591612854339,3.009591612854339,4.208899999999992,5.645369430536303,77.0088,2.413798488822473,162.0445,123.08109999999999
5,2,10,Lit room,9,19,Miss,4.539177954211532,0.8891779542115321,0.8891779542115321,4.390500000000009,5.187559536078952,75.5757,2.330709055110306,158.77970000000002,123.29820000000001
5,2,10,Lit room,10,20,Miss,6.060995881866294,2.4109958818662944,2.4109958818662944,4.577400000000018,5.1859349490191855,76.50599999999999,2.291795875126391,167.7912,
6,1,11,Dark room,1,1,Miss,19.6126298047967,15.962629804796702,15.962629804796702,30.71649999999999,4.468249207453721,63.55990000000001,1.9309559176989686,144.5752,100.1515
6,1,11,Dark room,2,2,Miss,9.932844368558278,6.282844368558279,6.282844368558279,17.13899999999999,4.479860743053549,63.19739999999997,2.013437106305152,143.2436,97.18740000000001
6,1,11,Dark room,3,3,Miss,16.251504996461097,12.601504996461099,12.601504996461099,0.0,4.92526425011683,68.2334,2.0940189825599353,141.70409999999998,99.8141
6,1,11,Dark room,4,4,Miss,28.658726124690194,25.008726124690195,25.008726124690195,27.863899999999994,4.839873786129498,60.87820000000001,2.056604840909719,134.1872,96.0848
6,1,11,Dark room,5,5,Miss,12.42005047091195,8.77005047091195,8.77005047091195,8.544100000000007,5.487430374816579,62.94479999999997,2.1832254449995587,137.7096,100.2014
6,1,11,Dark room,6,6,Miss,8.374098196820954,4.724098196820955,4.724098196820955,3.4564999999999975,4.96574921092315,61.16109999999999,2.0634089861989238,135.684,98.592612
6,1,11,Dark room,7,7,Miss,21.20251852587328,17.552518525873282,17.552518525873282,34.974,4.4397791109988995,58.024000000000015,1.8030735907413706,137.8006,98.0049
6,1,11,Dark room,8,8,Miss,4.484666966453571,0.8346669664535717,0.8346669664535717,11.715200000000003,4.652331874698262,66.004,1.9172502640576243,139.4622,99.66330000000002
6,1,11,Dark room,9,9,Miss,5.493057524730649,1.843057524730649,1.843057524730649,6.411800000000006,4.7610065106362836,70.63020000000002,1.904200922207388,140.95069999999998,103.1639
6,1,11,Dark room,10,10,Miss,4.01619715900502,0.36619715900502037,0.36619715900502037,5.6439999999999975,4.774037032112227,65.07890000000002,2.0748635605994328,136.11419999999998,101.2628
6,1,11,Lit room,1,11,Hit,2.6898867262396013,0.0,0.0,0.0,4.655260464499119,65.4676,2.0373492590801554,132.3897,101.11590000000002
6,1,11,Lit room,2,12,Miss,6.243355418362784,2.5933554183627843,2.5933554183627843,3.1206000000000023,4.543813479675239,65.6856,2.0472469547374352,134.3072,100.70900000000002
6,1,11,Lit room,3,13,Miss,10.200241757919269,6.550241757919269,6.550241757919269,6.306100000000007,5.371096536879941,69.35020000000003,2.2328436765819966,135.24599999999998,100.66770000000001
6,1,11,Lit room,4,14,Miss,9.382520019859983,5.732520019859984,5.732520019859984,1.8401185338866162,4.826526973579902,67.1147,2.2551531763879593,137.17579999999998,98.9313
6,1,11,Lit room,5,15,Miss,3.6804683533485174,0.03046835334851794,0.03046835334851794,8.788499999999992,4.797903473604301,63.781000000000006,2.0260741058241405,138.43869999999998,100.5323
6,1,11,Lit room,6,16,Miss,5.936434799608256,2.286434799608257,2.286434799608257,0.0,4.854801277850895,64.0308,1.9807190957854097,137.777,100.82100000000001
6,1,11,Lit room,7,17,Miss,10.190405646979903,6.540405646979903,6.540405646979903,23.54019999999999,4.6035073262141735,64.80600000000001,1.9440936571785,139.06029999999998,102.1383
6,1,11,Lit room,8,18,Miss,10.740884911402796,7.090884911402797,7.090884911402797,4.849400000000009,5.114936763865901,66.05249999999998,2.0210654687788274,136.8467,103.51790000000001
6,1,11,Lit room,9,19,Miss,13.79455166107257,10.144551661072569,10.144551661072569,18.538699999999984,4.681937816550134,66.26010000000002,1.891480445218194,138.39249999999998,104.08320000000003
6,1,11,Lit room,10,20,Miss,5.667449850682386,2.017449850682387,2.017449850682387,22.086599999999997,4.607366683956851,68.5429,2.0317251288969724,134.0702,103.01210000000002
6,2,12,Dark room,1,1,Miss,3.8236153742237295,0.17361537422373008,0.17361537422373008,9.678599999999996,5.2520627256111565,93.75010000000002,,198.5917,
6,2,12,Dark room,2,2,Miss,74.6649859708016,71.01498597080159,71.01498597080159,81.0206,4.477894355596197,88.48210000000002,,203.5974,
6,2,12,Dark room,3,3,Miss,,0.0,0.0,0.0,4.2507651138346345,130.35900000000004,0.0,141.0882,129.3841
6,2,12,Dark room,4,4,Miss,,0.0,0.0,0.0,4.154295255533237,108.92530000000001,0.0,167.4145,
6,2,12,Dark room,5,5,Miss,,0.0,0.0,0.0,4.394933387377091,105.46240000000002,0.012182102812681686,163.2299,
6,2,12,Dark room,6,6,Miss,,0.0,0.0,0.0,4.678946758453204,95.74220000000001,0.8949273425245869,166.0192,
6,2,12,Dark room,7,7,Miss,39.221450943201994,35.571450943201995,35.571450943201995,41.4974,4.655840680226021,93.16430000000001,0.4876097310858604,185.8541,
6,2,12,Dark room,8,8,Miss,,0.0,0.0,0.0,4.904618388976189,96.42979999999999,0.0,147.6414,
6,2,12,Dark room,9,9,Miss,,0.0,0.0,0.0,3.6360962055442085,108.2095,0.0,155.27089999999998,
6,2,12,Dark room,10,10,Miss,,0.0,0.0,0.0,3.7790095427582093,137.5684,,137.3626,
6,2,12,Lit room,1,11,Miss,,0.0,0.0,0.0,4.513644538953184,105.17389999999999,0.0,181.11090000000002,134.1773
6,2,12,Lit room,2,12,Miss,,0.0,0.0,0.0,4.452214305916748,121.59079999999999,0.0,139.1381,132.8403
6,2,12,Lit room,3,13,Miss,,0.0,0.0,0.0,4.8548682233852505,110.5365,0.0,126.30320000000002,
6,2,12,Lit room,4,14,Miss,16.18004483182911,12.530044831829112,12.530044831829112,12.2776,5.330130785638996,93.38680000000001,0.5805761334417453,176.0941,
6,2,12,Lit room,5,15,Miss,,0.0,0.0,0.0,4.391643173450458,102.39810000000001,0.0,176.2444,
6,2,12,Lit room,6,16,Miss,,0.0,0.0,0.0,4.520316633678921,110.67990000000002,0.0,145.7297,
6,2,12,Lit room,7,17,Miss,12.69635875123258,9.046358751232582,9.046358751232582,0.0,5.062431066512998,96.652,0.0,190.0086,
6,2,12,Lit room,8,18,Miss,,0.0,0.0,0.0,4.74793225670987,108.75840000000001,,162.5268,131.8391
6,2,12,Lit room,9,19,Miss,,0.0,0.0,0.0,5.0392328930196575,97.51300000000002,0.30371053346763016,166.91770000000002,
6,2,12,Lit room,10,20,Miss,35.71510170446111,32.065101704461114,32.065101704461114,27.96279999999998,5.441625015983434,100.2736,0.0,160.68280000000001,
7,1,13,Dark room,1,1,Hit,0.07897651460565987,0.0,0.0,0.6233964705882391,5.468540001046548,79.7332,2.0812175426133974,159.87470000000002,
7,1,13,Dark room,2,2,Miss,4.482359693286562,0.8323596932865627,0.8323596932865627,0.0,5.711610130985225,78.0388,2.221466346319975,151.6545,
7,1,13,Dark room,3,3,Hit,2.757686893283063,0.0,0.0,0.0,5.4352308779558545,78.92279999999998,2.05534896713143,154.0625,
7,1,13,Dark room,4,4,Miss,6.835382875157742,3.1853828751577424,3.1853828751577424,2.218699999999976,6.09932716172934,78.6606,2.1971197831962215,152.71,
7,1,13,Dark room,5,5,Miss,5.479809176422122,1.8298091764221223,1.8298091764221223,7.449599999999996,5.531978998205758,76.31669999999998,2.1377127678305707,151.5417,
7,1,13,Dark room,6,6,Hit,1.807177163423666,0.0,0.0,0.0,5.673269325374307,75.4669,2.3090347174562593,154.8327,
7,1,13,Dark room,7,7,Miss,4.450271646764947,0.8002716467649478,0.8002716467649478,4.369500000000008,5.540570814688551,75.73370000000001,2.314522758680542,159.19830000000002,
7,1,13,Dark room,8,8,Miss,56.42137492200982,52.77137492200982,52.77137492200982,57.226400000000005,6.012187391226182,75.42530000000001,2.5054093128754307,139.8628,126.6405
7,1,13,Dark room,9,9,Hit,2.581198891987989,0.0,0.0,0.0,5.672103292030259,75.29469999999999,2.388060647662934,144.25830000000002,
7,1,13,Dark room,10,10,Miss,5.3135107509066035,1.663510750906604,1.663510750906604,14.137399999999992,5.793079427265109,74.4602,2.3785828847467694,141.2739,127.14340000000001
7,1,13,Lit room,1,11,Miss,13.001859156674483,9.351859156674482,9.351859156674482,7.906899999999999,6.066638395300032,73.0736,2.45547359779961,142.3054,116.99463520220588
7,1,13,Lit room,2,12,Miss,5.444069640443626,1.7940696404436265,1.7940696404436265,6.344599999999992,5.52679506592269,73.18100000000001,2.5528615621171835,152.3095,124.13430000000001
7,1,13,Lit room,3,13,Miss,8.245322500666664,4.595322500666664,4.595322500666664,5.84430000000001,6.077951086034574,72.37450000000001,2.404785112971008,146.51510000000002,
7,1,13,Lit room,4,14,Hit,0.8603000929908134,0.0,0.0,0.0,5.764113275644553,73.08760000000001,2.569246165757269,141.0747,122.18730000000001
7,1,13,Lit room,5,15,Miss,4.185857103389946,0.5358571033899464,0.5358571033899464,86.16978095238093,5.738875935192186,70.33680000000001,2.556556571465579,138.6806,123.7378
7,1,13,Lit room,6,16,Miss,4.353261324570349,0.7032613245703496,0.7032613245703496,3.0852000000000066,5.546115959989119,71.0309,2.575567863191696,142.5217,121.77960000000002
7,1,13,Lit room,7,17,Miss,4.711993219434848,1.0619932194348483,1.0619932194348483,2.487499999999989,5.2740518033279375,72.2296,2.4379607986440543,147.8722,118.84330000000001
7,1,13,Lit room,8,18,Miss,4.81712494025223,1.1671249402522301,1.1671249402522301,7.698499999999988,5.302762225840462,75.17900000000003,2.482311519175305,150.5308,125.22070000000001
7,1,13,Lit room,9,19,Hit,1.4057292057860928,0.0,0.0,0.0,5.63943894292011,74.55540000000002,2.523540622718271,144.2149,124.56920000000001
7,1,13,Lit room,10,20,Miss,8.020324943541889,4.370324943541889,4.370324943541889,3.999800000000014,6.074645130483433,71.97200000000001,2.555713095180829,137.4145,118.95909999999999
7,2,14,Dark room,1,1,Miss,14.508277025546487,10.858277025546489,10.858277025546489,0.0,5.722969226758477,73.833,1.280025857212141,159.4436,
7,2,14,Dark room,2,2,Miss,19.573779637310725,15.923779637310727,15.923779637310727,15.813800000000022,5.819232492409235,79.3835,1.9098533861000648,166.0686,
7,2,14,Dark room,3,3,Miss,13.45801674281913,9.808016742819131,9.808016742819131,1.6288000000000045,5.53489756943837,75.2243,2.2995583593516393,168.865,
7,2,14,Dark room,4,4,Miss,14.153957971182484,10.503957971182484,10.503957971182484,8.494300000000003,5.523243625887885,78.0156,0.9517707082321906,169.8277,
7,2,14,Dark room,5,5,Hit,1.0689589645798176,0.0,0.0,0.0,5.266964547798865,76.418,2.1076716135069042,161.9412,
7,2,14,Dark room,6,6,Miss,6.708845755418736,3.0588457554187363,3.0588457554187363,0.0,5.485305619075721,76.23459999999997,1.7110262969178576,160.0909,123.5126
7,2,14,Dark room,7,7,Miss,12.147876275711726,8.497876275711725,8.497876275711725,9.578500000000012,5.927784985275524,75.49370000000002,1.931252461042935,157.70850000000002,116.8217
7,2,14,Dark room,8,8,Miss,11.956210722883734,8.306210722883733,8.306210722883733,0.0,5.4098505205943965,72.5873,2.17918193789464,160.7969,126.434
7,2,14,Dark room,9,9,Hit,2.414244132815535,0.0,0.0,0.0,5.678970259002624,77.80850000000001,1.1277921028486504,167.8863,
7,2,14,Dark room,10,10,Hit,1.7287162086357601,0.0,0.0,0.0,5.58406250289485,75.0153,1.6936328690326343,159.9414,
7,2,14,Lit room,1,11,Miss,8.880642162028591,5.230642162028592,5.230642162028592,3.0762000000000205,5.9559308581266315,74.98890000000002,1.0237485948898513,165.02100000000002,
7,2,14,Lit room,2,12,Miss,16.574467217379894,12.924467217379895,12.924467217379895,12.112700000000025,6.0607885965354615,77.17660000000002,1.1410885497919352,169.8967,
7,2,14,Lit room,3,13,Miss,5.864702822820607,2.214702822820607,2.214702822820607,0.0,5.543953300175047,74.1776,,164.3262,
7,2,14,Lit room,4,14,Miss,10.935438362041102,7.285438362041103,7.285438362041103,7.110100000000009,6.088640090034054,77.22080000000001,0.8476244875229303,169.31470000000002,
7,2,14,Lit room,5,15,Miss,16.05595721624843,12.405957216248432,12.405957216248432,13.7391,6.14764978436698,78.15720000000003,,175.4034,
7,2,14,Lit room,6,16,Miss,6.7801553470403615,3.130155347040362,3.130155347040362,1.8776000000000073,5.690811470225056,73.9517,1.2458835727772355,170.7913,
7,2,14,Lit room,7,17,Hit,0.889507173565856,0.0,0.0,0.0,5.562079523670185,75.2676,1.2554100469311205,172.2778,
7,2,14,Lit room,8,18,Miss,4.30658731828347,0.6565873182834707,0.6565873182834707,4.488999999999996,5.540703136244236,75.0056,0.661747304545117,169.1553,
7,2,14,Lit room,9,19,Hit,0.7796317984127834,0.0,0.0,0.0,5.503469052365936,75.29350000000001,1.0610950661253966,166.3499,
7,2,14,Lit room,10,20,Hit,1.5245184977559265,0.0,0.0,0.0,5.60747165331038,75.94100000000002,1.1562852043143765,170.8193,
8,1,15,Dark room,1,1,Miss,12.773784373082218,9.12378437308222,9.12378437308222,9.869499999999995,5.809936904966791,83.42190000000004,0.0,183.79860000000002,120.16380000000001
8,1,15,Dark room,2,2,Miss,13.072285574068518,9.422285574068518,9.422285574068518,10.756599999999985,5.811314364381666,85.65690000000002,0.0,179.8077,120.19280139372825
8,1,15,Dark room,3,3,Miss,17.157813481035397,13.507813481035399,13.507813481035399,5.938599999999986,5.589217260526924,82.09520000000002,0.0,177.32150000000001,123.36172984680402
8,1,15,Dark room,4,4,Miss,,0.0,0.0,0.0,5.180247092411478,82.66180000000001,0.0,179.85490000000001,122.93109999999999
8,1,15,Dark room,5,5,Miss,,0.0,0.0,0.0,5.034458828627956,78.6075,1.8693608432104116,178.00240000000002,116.4529
8,1,15,Dark room,6,6,Miss,11.35532062074866,7.705320620748661,7.705320620748661,7.6591999999999905,5.675592962006575,81.94860000000001,1.061654724214478,179.08950000000002,120.59465189982731
8,1,15,Dark room,7,7,Miss,22.25862244547042,18.60862244547042,18.60862244547042,18.997099999999982,5.862800697870781,79.79540000000001,1.2332401975662552,171.7781,119.0106
8,1,15,Dark room,8,8,Miss,11.92968173967772,8.27968173967772,8.27968173967772,11.636600000000008,5.052333529153703,76.7154,1.9241449429575237,179.02960000000002,108.5043
8,1,15,Dark room,9,9,Miss,6.128204882345255,2.4782048823452554,2.4782048823452554,2.691400000000008,5.217665841289062,74.26960000000001,1.2566294427632145,174.12330000000003,126.94590000000002
8,1,15,Dark room,10,10,Miss,10.39500711351367,6.74500711351367,6.74500711351367,5.29829999999999,5.663172226259092,79.42370000000004,1.3822483124945038,176.50260000000003,117.53260000000002
8,1,15,Lit room,1,11,Miss,5.136413552275559,1.4864135522755593,1.4864135522755593,0.7988000000000062,5.099114999025012,75.4973,1.611316688119871,168.7459,113.24728961290323
8,1,15,Lit room,2,12,Hit,2.8387590909429505,0.0,0.0,0.0,5.067364862361431,75.58170000000001,1.9271422375756666,171.35000000000002,
8,1,15,Lit room,3,13,Miss,6.0925078982304095,2.44250789823041,2.44250789823041,0.0,5.23403167558906,75.79829999999998,2.2902327750018565,177.4581,107.4204
8,1,15,Lit room,4,14,Hit,2.7359067619347024,0.0,0.0,0.0,5.125981854650952,73.22240000000002,2.25244308019915,175.687,
8,1,15,Lit room,5,15,Miss,5.739180251569031,2.089180251569031,2.089180251569031,0.0,5.080183426942209,73.8227,2.222008978909164,174.0886,111.50914000000002
8,1,15,Lit room,6,16,Hit,1.156103390705162,0.0,0.0,0.9472655988857843,5.180805192212506,74.51930000000002,2.1785363662860404,178.8296,122.93910000000002
8,1,15,Lit room,7,17,Miss,6.669940704384111,3.019940704384111,3.019940704384111,0.0,5.735138096495596,73.2696,1.9806433031608868,149.0534,114.61373157894737
8,1,15,Lit room,8,18,Miss,3.9378090215245383,0.2878090215245388,0.2878090215245388,10.037000000000013,5.098029403138768,73.3032,1.9907142443338528,164.50060000000002,
8,1,15,Lit room,9,19,Hit,2.4906533620719,0.0,0.0,0.0,5.13921343083352,76.1953,1.6844532488688666,175.77679999999998,
8,1,15,Lit room,10,20,Miss,29.55191024164089,25.90191024164089,25.90191024164089,25.7382,6.007240180521964,77.9007,2.5288269795094567,171.81650000000002,106.4201
8,2,16,Dark room,1,1,Miss,12.56706937515666,8.917069375156661,8.917069375156661,6.689900000000015,5.495806485083996,93.59729999999999,2.2679576957764938,189.3021,120.33270000000002
8,2,16,Dark room,2,2,Miss,6.192689829952733,2.5426898299527334,2.5426898299527334,0.0,5.648589743403448,92.47740000000002,2.017511655368238,191.03269999999998,136.1162
8,2,16,Dark room,3,3,Miss,5.948281360191362,2.2982813601913623,2.2982813601913623,0.0,5.411000437272122,94.13940000000002,1.950284367829168,187.6748,120.7517
8,2,16,Dark room,4,4,Miss,10.86095738413517,7.210957384135171,7.210957384135171,6.567900000000015,5.900542744585546,91.83120000000002,2.1395368421046115,190.44529999999997,
8,2,16,Dark room,5,5,Miss,10.391409240329244,6.7414092403292445,6.7414092403292445,3.3417999999999983,5.6276598450824595,90.5599,2.11179234218275,187.7149,
8,2,16,Dark room,6,6,Miss,,0.0,0.0,0.0,5.482141051279544,87.5033,1.9938800254971187,183.161,120.1177
8,2,16,Dark room,7,7,Miss,3.9947739472966397,0.34477394729664024,0.34477394729664024,10.256099999999996,5.441710583334482,87.1626,2.03026560971518,186.3191,
8,2,16,Dark room,8,8,Miss,5.24900934748643,1.5990093474864304,1.5990093474864304,0.0,5.293001275452818,88.98010000000002,1.9251739720487644,182.19799999999998,119.64760000000001
8,2,16,Dark room,9,9,Miss,5.430155111044252,1.7801551110442526,1.7801551110442526,15.9818,5.298802216989312,91.68690000000001,1.7911310624694088,189.5312,134.2492
8,2,16,Dark room,10,10,Miss,6.029000849228664,2.3790008492286647,2.3790008492286647,2.378999999999997,5.310694701679753,93.1917,1.8956363105969247,187.595,137.43779999999998
8,2,16,Lit room,1,11,Miss,10.504207170938702,6.854207170938703,6.854207170938703,4.907000000000003,5.938616220634299,90.0581,1.9872757317317433,178.6898,
8,2,16,Lit room,2,12,Hit,1.688138926849694,0.0,0.0,0.39403016739448216,5.508661119874408,88.98270000000002,1.9432692332437742,162.94480000000001,137.3695
8,2,16,Lit room,3,13,Miss,13.616185201810376,9.966185201810376,9.966185201810376,11.056099999999994,6.029714645691332,90.35910000000001,2.0493316320270587,154.8081,
8,2,16,Lit room,4,14,Miss,9.561533074774136,5.911533074774137,5.911533074774137,5.0434999999999865,6.039701276996206,89.3538,2.1255938644140255,171.525,
8,2,16,Lit room,5,15,Hit,0.37880983091715814,0.0,0.0,0.0,5.497183288896772,89.03220000000002,2.079888754960333,158.7557,139.3761
8,2,16,Lit room,6,16,Miss,27.55237972154129,23.90237972154129,23.90237972154129,26.336999999999982,5.415596985203648,88.12100000000001,2.121009793692059,163.1791,
8,2,16,Lit room,7,17,Miss,5.2279718304520495,1.57797183045205,1.57797183045205,7.070100000000003,5.379919151092467,86.77250000000001,1.0623265341484331,180.9719,134.70940000000002
8,2,16,Lit room,8,18,Hit,0.47273847190658436,0.0,0.0,0.0,5.49515311350325,87.03989999999999,2.102835591859986,174.5766,138.5127
8,2,16,Lit room,9,19,Hit,2.0243180568867065,0.0,0.0,0.0,5.384372750997003,89.86869999999999,2.070347858489863,158.2978,
8,2,16,Lit room,10,20,Miss,3.689712210999673,0.03971221099967348,0.03971221099967348,16.18200000000001,5.509780272444346,85.4973,2.1196916396884165,160.6867,140.6125
9,1,17,Dark room,1,1,Miss,4.3151233644010665,0.665123364401067,0.665123364401067,22.774000000000008,5.601464167459495,87.2144,,140.74259999999998,133.9761
9,1,17,Dark room,2,2,Miss,8.111681820683076,4.461681820683077,4.461681820683077,3.9790000000000196,5.7672529797834615,89.86630000000001,,143.8854,135.0625
9,1,17,Dark room,3,3,Miss,6.559810401223497,2.9098104012234973,2.9098104012234973,0.0,5.638688087548531,88.0262,0.0,135.69819999999999,138.97650000000002
9,1,17,Dark room,4,4,Miss,3.7023288090065614,0.052328809006561894,0.052328809006561894,8.829599999999992,5.557701862065497,83.79040000000002,2.069947487270986,146.1634,
9,1,17,Dark room,5,5,Miss,9.229511848413223,5.579511848413223,5.579511848413223,3.0207000000000113,5.626983025194638,88.49930000000002,2.0471427458424816,150.8881,135.2525
9,1,17,Dark room,6,6,Miss,8.747083907794645,5.097083907794645,5.097083907794645,0.0,5.5829850975522355,87.1452,1.9749332173646652,147.0833,134.0839
9,1,17,Dark room,7,7,Miss,19.442068459142924,15.792068459142925,15.792068459142925,16.91450000000001,6.167445969759508,86.96749999999999,2.1141202255672273,140.8801,131.7522
9,1,17,Dark room,8,8,Miss,4.503154869644174,0.8531548696441744,0.8531548696441744,4.469099999999989,5.252208985925393,88.4337,2.0000121179779016,151.7645,129.14860000000002
9,1,17,Dark room,9,9,Miss,6.066122076747219,2.41612207674722,2.41612207674722,11.3555,5.054174159383488,92.66879999999999,1.831489257899573,160.5112,144.1774
9,1,17,Dark room,10,10,Miss,10.441121952165863,6.791121952165864,6.791121952165864,4.536899999999995,5.375577434222525,90.2187,2.021140883599189,154.9639,138.8793
9,1,17,Lit room,1,11,Miss,12.800206093653303,9.150206093653303,9.150206093653303,10.407799999999988,5.873565733107175,90.34109999999998,2.0388820216480745,147.1696,
9,1,17,Lit room,2,12,Miss,29.05156098336197,25.40156098336197,25.40156098336197,25.191399999999994,6.087115174140758,87.507,2.120237340010773,142.8112,
9,1,17,Lit room,3,13,Miss,8.84121294167264,5.191212941672641,5.191212941672641,3.016899999999999,5.419116993129485,88.79150000000001,2.01205335788352,151.3831,134.99030000000002
9,1,17,Lit room,4,14,Hit,0.47676979313832746,0.0,0.0,1.8658358788676912,5.115153551593454,88.15110000000001,1.9616049535505773,160.83560000000003,
9,1,17,Lit room,5,15,Hit,1.7100616644043114,0.0,0.0,0.0,5.115345532625018,86.59200000000001,1.944837227183731,152.35010000000003,
9,1,17,Lit room,6,16,Miss,5.458581977949959,1.8085819779499595,1.8085819779499595,7.383800000000014,5.125535266710793,84.5162,2.0313186867252693,147.81730000000002,134.5055
9,1,17,Lit room,7,17,Miss,4.746823296690118,1.0968232966901184,1.0968232966901184,1.1186000000000211,5.075035752592524,88.6034,1.981053775564683,156.15130000000002,134.47574026076651
9,1,17,Lit room,8,18,Miss,5.031592178426228,1.3815921784262288,1.3815921784262288,2.844200000000007,5.118521570655497,85.3218,1.9834374657014313,156.8925,138.847
9,1,17,Lit room,9,19,Miss,4.125503346259715,0.4755033462597158,0.4755033462597158,7.69390000000002,5.13062341523401,86.8606,2.0006455712666997,155.12890000000002,136.5221
9,1,17,Lit room,10,20,Miss,11.598857844201707,7.948857844201707,7.948857844201707,7.823999999999976,5.620844337820367,90.71610000000001,2.1522589873181306,159.86190000000002,134.23219999999998
9,2,18,Dark room,1,1,Miss,7.26233289239759,3.612332892397591,3.612332892397591,1.9470999999999838,5.411682575386976,80.5597,2.3901866323227345,182.77980000000002,
9,2,18,Dark room,2,2,Miss,8.838294145931101,5.188294145931102,5.188294145931102,0.0,5.451935878283848,77.82120000000002,2.476065926394848,180.157,
9,2,18,Dark room,3,3,Miss,10.286700044231873,6.6367000442318735,6.6367000442318735,0.0,5.433059781054265,71.7181,2.567441394173767,171.8132,
9,2,18,Dark room,4,4,Miss,10.213595810487114,6.563595810487114,6.563595810487114,0.0,5.559092477617159,76.20390000000002,2.5729301872806123,176.3833,
9,2,18,Dark room,5,5,Miss,6.027520971344686,2.377520971344686,2.377520971344686,0.29350000000001497,5.181105425503052,73.23650000000002,2.610618335025849,174.1592,
9,2,18,Dark room,6,6,Miss,9.898429799215629,6.2484297992156295,6.2484297992156295,0.0,5.564905873750997,71.35150000000003,2.758862285467505,169.438,
9,2,18,Dark room,7,7,Miss,11.536150386068998,7.886150386068999,7.886150386068999,4.622899999999979,5.490840298122061,71.41550000000002,2.904308690067081,174.688,
9,2,18,Dark room,8,8,Miss,8.896336433611303,5.246336433611304,5.246336433611304,3.800999999999994,5.407345844100728,70.63289999999999,2.8088203992229825,170.8612,
9,2,18,Dark room,9,9,Miss,15.955546454133122,12.305546454133122,12.305546454133122,11.905700000000003,5.959545067979486,71.98320000000002,2.7003007907557905,166.4144,
9,2,18,Dark room,10,10,Miss,6.618954662180425,2.9689546621804253,2.9689546621804253,0.14609999999999612,5.198943933504575,68.78280000000002,2.7160990590909013,172.3865,
9,2,18,Lit room,1,11,Miss,,0.0,0.0,0.0,5.137164473509343,76.28220000000002,2.65960292529015,170.128,
9,2,18,Lit room,2,12,Miss,7.290957605143512,3.6409576051435124,3.6409576051435124,3.1832000000000056,5.722221759988278,73.8877,2.6814959060259547,167.52589999999998,
9,2,18,Lit room,3,13,Miss,5.461662950054681,1.8116629500546813,1.8116629500546813,0.0,5.106216727371454,69.41210000000001,2.734698809451747,168.9649,
9,2,18,Lit room,4,14,Miss,4.378964687000793,0.7289646870007935,0.7289646870007935,3.0127999999999906,4.9752580610722665,70.1788,2.6425223620326337,164.1757,
9,2,18,Lit room,5,15,Miss,13.697167571801101,10.0471675718011,10.0471675718011,7.6443999999999965,5.193302461962802,74.85730000000001,2.7868633263606246,167.3892,
9,2,18,Lit room,6,16,Miss,4.373596228505778,0.7235962285057784,0.7235962285057784,2.1861999999999915,5.13280951568596,71.3058,2.610304457820069,168.74489999999997,
9,2,18,Lit room,7,17,Miss,8.231032110252032,4.581032110252033,4.581032110252033,0.0,5.1837443314055704,71.4325,2.6789651483682677,170.4402,
9,2,18,Lit room,8,18,Hit,0.18715902329302186,0.0,0.0,0.0,4.8955050601572205,71.0044,2.715927290426259,166.6033,
9,2,18,Lit room,9,19,Miss,5.416462606720364,1.7664626067203644,1.7664626067203644,0.35539999999999505,4.895339252786501,70.037,2.6266326233031223,166.44129999999998,
9,2,18,Lit room,10,20,Hit,2.8891137914592417,0.0,0.0,0.0,4.966721220305455,74.64840000000001,2.636746940873887,166.2844,
10,1,19,Dark room,1,1,Miss,3.5919360030490335,0.0,0.0,4.993200000000008,5.312318935008327,74.5349,2.0934529469388097,152.9223,
10,1,19,Dark room,2,2,Miss,13.567081285228594,9.917081285228594,9.917081285228594,0.0,5.362307511435027,78.58279999999999,2.0680648881760733,159.8075,
10,1,19,Dark room,3,3,Miss,14.298245404594232,10.648245404594231,10.648245404594231,0.0,5.096952066786582,80.4357,1.9418653241636636,159.54260000000002,
10,1,19,Dark room,4,4,Miss,23.230064390784637,19.58006439078464,19.58006439078464,31.555,4.62873297572395,75.8469,1.5604579167633161,165.0586,
10,1,19,Dark room,5,5,Miss,11.524715130969616,7.874715130969617,7.874715130969617,12.443500000000022,4.967123133399999,77.76599999999999,1.7907114260977708,165.2886,
10,1,19,Dark room,6,6,Miss,28.365925185863418,24.71592518586342,24.71592518586342,37.38310000000001,4.547569681356798,81.94059999999999,2.0226276695044056,171.7233,
10,1,19,Dark room,7,7,Miss,12.359676479989266,8.709676479989266,8.709676479989266,3.9217999999999966,5.344051843064054,76.584,2.040229425670539,156.64180000000002,
10,1,19,Dark room,8,8,Miss,20.45770834722206,16.80770834722206,16.80770834722206,15.646999999999984,5.406755587142214,80.82939999999999,1.9492863012608657,156.0397,
10,1,19,Dark room,9,9,Miss,28.346056302067836,24.696056302067838,24.696056302067838,13.506799999999991,5.7364653505470615,77.4922,2.190301254054916,149.71110000000002,
10,1,19,Dark room,10,10,Miss,16.579357889254943,12.929357889254945,12.929357889254945,0.0,5.276571939561433,76.0463,1.774695649062153,151.2269,
10,1,19,Lit room,1,11,Miss,14.683936731340133,11.033936731340134,11.033936731340134,0.0,5.667064804823238,74.6322,1.9503456994758162,150.6622,
10,1,19,Lit room,2,12,Miss,10.782973675197393,7.132973675197394,7.132973675197394,0.055500000000015426,5.266763573134279,75.64600000000003,1.9712888434294544,152.68930000000003,
10,1,19,Lit room,3,13,Hit,0.9858706050998776,0.0,0.0,0.0,5.146691014248919,75.1744,1.9807174498350892,151.8788,
10,1,19,Lit room,4,14,Miss,6.908688549934785,3.258688549934786,3.258688549934786,0.0,5.483366003704378,74.04260000000001,2.1213829071691372,148.76620000000003,
10,1,19,Lit room,5,15,Miss,10.15697476269386,6.5069747626938605,6.5069747626938605,0.5799999999999761,5.330567146625255,73.76750000000003,1.954073543921263,152.74970000000002,
10,1,19,Lit room,6,16,Miss,4.852055219182905,1.2020552191829053,1.2020552191829053,15.281300000000009,5.1190019666947615,74.2924,2.245360022499287,157.9619,
10,1,19,Lit room,7,17,Miss,7.915125525852387,4.265125525852388,4.265125525852388,16.485300000000016,5.18113541236813,73.6073,1.934827561545537,155.57330000000002,
10,1,19,Lit room,8,18,Miss,38.98791352008979,35.33791352008979,35.33791352008979,18.7203,6.015624186380652,78.85549999999999,2.2540962331040935,156.60150000000002,
10,1,19,Lit room,9,19,Miss,17.231845526524435,13.581845526524436,13.581845526524436,19.68100000000002,4.9451009058706346,79.43780000000002,2.002825784774072,163.48180000000002,
10,1,19,Lit room,10,20,Miss,10.564314111668569,6.91431411166857,6.91431411166857,8.181299999999958,5.588416313887049,78.0748,1.9992418822005633,156.03650000000002,
10,2,20,Dark room,1,1,Miss,7.980956665713725,4.3309566657137255,4.3309566657137255,5.4616999999999996,5.1140922186390085,68.50910000000002,2.3371343508508233,165.3528,103.6597
10,2,20,Dark room,2,2,Miss,19.455554632289484,15.805554632289486,15.805554632289486,17.03950000000001,5.525943651209129,71.92940000000002,2.6852923027517313,168.2286,102.64510000000001
10,2,20,Dark room,3,3,Miss,14.540839285268234,10.890839285268235,10.890839285268235,0.0,4.751460403541538,67.8279,2.834987157694704,166.6164,102.61915485477178
10,2,20,Dark room,4,4,Miss,6.917114094765243,3.267114094765244,3.267114094765244,0.24279999999999458,4.685893246623303,60.653999999999996,2.5722161666498744,163.4467,99.03026673511293
10,2,20,Dark room,5,5,Miss,5.510242431145838,1.8602424311458385,1.8602424311458385,0.0,4.396821678731955,56.88420000000002,3.011309938239056,162.1847,96.965
10,2,20,Dark room,6,6,Miss,10.792422002961137,7.142422002961138,7.142422002961138,8.273299999999999,5.146356307679644,64.8922,2.9024770731367306,161.2596,99.8441
10,2,20,Dark room,7,7,Miss,18.441900942419135,14.791900942419137,14.791900942419137,14.642599999999995,5.2729167574351115,66.60930000000002,2.85474711595502,166.9452,101.73744522292994
10,2,20,Dark room,8,8,Miss,9.805945237456713,6.155945237456714,6.155945237456714,0.7838999999999947,4.667447369097088,65.9358,3.058924452158101,167.63799999999998,100.34109999999998
10,2,20,Dark room,9,9,Miss,5.885341906805412,2.235341906805412,2.235341906805412,0.0,4.3883185384537,63.655,2.997760750123261,165.5598,99.93590000000002
10,2,20,Dark room,10,10,Miss,9.080398300735489,5.430398300735489,5.430398300735489,5.1261,5.118761585506529,62.86079999999998,3.188034053694797,164.7446,98.97579999999999
10,2,20,Lit room,1,11,Miss,32.83178804344959,29.181788043449593,29.181788043449593,28.49439999999999,5.580362289848898,61.7778,3.164769929643571,156.7006,100.45856065573771
10,2,20,Lit room,2,12,Miss,14.5379020391527,10.8879020391527,10.8879020391527,11.95670000000002,4.8340712958203245,71.9035,3.130934406618719,156.6456,100.68680000000002
10,2,20,Lit room,3,13,Miss,13.779936946880428,10.129936946880427,10.129936946880427,9.528799999999997,4.932429437527262,68.01119999999999,3.17354932924568,164.36290000000002,98.2514
10,2,20,Lit room,4,14,Miss,42.5028064071068,38.852806407106804,38.852806407106804,39.95089999999997,4.95522083129348,74.26699999999998,3.2765129046680084,129.7681,99.24859948717949
10,2,20,Lit room,5,15,Miss,7.769543835386994,4.119543835386994,4.119543835386994,2.1716999999999933,4.646101838925103,63.42290000000001,3.0998940631588447,164.0431,98.89760000000001
10,2,20,Lit room,6,16,Miss,10.694448429442255,7.044448429442256,7.044448429442256,7.486300000000006,5.037164857531599,64.3547,3.0960865669911617,169.1525,98.7718
10,2,20,Lit room,7,17,Hit,1.4661141118688323,0.0,0.0,0.0,4.511928855694337,66.1801,3.030017380714071,174.0328,103.55640000000002
10,2,20,Lit room,8,18,Miss,12.821665040859545,9.171665040859544,9.171665040859544,6.771899999999994,4.750565813946824,63.82800000000002,3.1169137689927124,164.3285,100.93720000000002
10,2,20,Lit room,9,19,Miss,16.906040611568393,13.256040611568395,13.256040611568395,14.312599999999996,5.199571109936381,65.9192,3.193765847048735,165.8948,100.7521
10,2,20,Lit room,10,20,Miss,12.431133667530085,8.781133667530085,8.781133667530085,9.351400000000005,4.947920743750696,68.92820000000002,3.2033836957399138,165.299,101.562
11,1,21,Dark room,1,1,Miss,5.123786706138348,1.4737867061383483,1.4737867061383483,0.0,4.840371383688279,81.7569,,180.1073,
11,1,21,Dark room,2,2,Miss,17.407952151243983,13.757952151243984,13.757952151243984,7.0889000000000015,5.304799380095213,83.39120000000003,,177.4891,129.1927
11,1,21,Dark room,3,3,Miss,4.616500150546952,0.9665001505469526,0.9665001505469526,2.893400000000006,4.802712070729183,76.45170000000002,0.0,178.0971,
11,1,21,Dark room,4,4,Miss,5.192011033308768,1.5420110333087687,1.5420110333087687,13.828799999999994,4.941480534604871,74.36079999999998,0.35807277925191683,187.9325,109.73989999999999
11,1,21,Dark room,5,5,Miss,10.995143511569095,7.345143511569096,7.345143511569096,0.0,5.266971222204435,71.84960000000001,0.0,178.62599999999998,
11,1,21,Dark room,6,6,Miss,5.739274854021195,2.0892748540211956,2.0892748540211956,0.0,5.044811938588763,77.39670000000001,1.3062719947024513,175.265,127.5635
11,1,21,Dark room,7,7,Miss,9.974665733747672,6.324665733747673,6.324665733747673,2.4642000000000115,5.029898475360921,75.71259999999998,,182.9663,125.60450000000002
11,1,21,Dark room,8,8,Miss,6.09238910444827,2.442389104448271,2.442389104448271,0.0,5.098495168891701,74.0549,0.0,181.7456,126.60619999999997
11,1,21,Dark room,9,9,Hit,0.5998964744020397,0.0,0.0,0.0,4.925937666941094,79.6558,,185.4155,125.5701
11,1,21,Dark room,10,10,Miss,8.395121555403472,4.745121555403473,4.745121555403473,0.0,5.280327131836205,77.3649,1.348554862545316,184.08280000000002,
11,1,21,Lit room,1,11,Miss,13.366704861333629,9.716704861333628,9.716704861333628,7.587100000000013,4.925774997710476,74.73800000000003,0.8344449990196864,178.51460000000003,126.3412
11,1,21,Lit room,2,12,Miss,9.829328201357406,6.179328201357406,6.179328201357406,5.622000000000006,4.913656516809197,77.11410000000001,0.44775052074773086,180.14960000000002,132.7443
11,1,21,Lit room,3,13,Miss,4.904660698763985,1.2546606987639857,1.2546606987639857,13.481500000000004,4.824592919219118,73.8708,1.1174487330053458,179.03500000000003,129.2244
11,1,21,Lit room,4,14,Hit,2.0232482814330677,0.0,0.0,0.0,4.9905047658127755,72.55630000000002,1.1139191682184786,175.4327,131.13930000000002
11,1,21,Lit room,5,15,Miss,13.254641367083456,9.604641367083456,9.604641367083456,8.163899999999991,5.054996293754474,74.0076,1.155733698101633,175.9712,135.29430000000002
11,1,21,Lit room,6,16,Miss,28.502579563962264,24.852579563962266,24.852579563962266,24.10670000000001,5.735787726630896,74.85979999999998,2.054007966735655,169.2228,
11,1,21,Lit room,7,17,Miss,5.104020971743748,1.4540209717437484,1.4540209717437484,5.331100000000013,4.917346833331478,75.22299999999998,,182.364,124.3607
11,1,21,Lit room,8,18,Miss,4.033574792910126,0.3835747929101263,0.3835747929101263,12.548000000000009,4.845092084260525,76.6456,,184.6391,
11,1,21,Lit room,9,19,Miss,7.18582676384562,3.5358267638456207,3.5358267638456207,0.0,5.179560697807927,74.57730000000004,,179.149,
11,1,21,Lit room,10,20,Miss,5.088011577227395,1.4380115772273951,1.4380115772273951,0.0,5.035935536427678,73.3055,1.1177518477516453,179.70100000000002,115.5856
11,2,22,Dark room,1,1,Miss,8.19577080816686,4.54577080816686,4.54577080816686,6.555000000000013,5.526874065761896,98.43790000000001,1.1695764977678258,172.82510000000002,
11,2,22,Dark room,2,2,Hit,3.1135035474526087,0.0,0.0,0.0,5.313872650226741,102.28060000000002,1.8495462684827608,174.7364,
11,2,22,Dark room,3,3,Miss,9.601705770330604,5.951705770330604,5.951705770330604,6.228600000000006,5.721656245335239,101.73140000000001,1.6994772053284106,166.11610000000002,
11,2,22,Dark room,4,4,Miss,,0.0,0.0,0.0,5.33224331095388,103.07350000000002,1.731790252275431,176.366,136.18782713754646
11,2,22,Dark room,5,5,Miss,21.910987410885888,18.26098741088589,18.26098741088589,18.35319999999998,6.180056931906641,101.06420000000003,1.7478165672926604,167.03340000000003,
11,2,22,Dark room,6,6,Miss,11.693766011854331,8.04376601185433,8.04376601185433,8.411199999999972,5.866129964570252,103.62390000000002,1.6979265579548726,175.71730000000002,
11,2,22,Dark room,7,7,Miss,4.387439640610459,0.73743964061046,0.73743964061046,5.819400000000022,5.395840418004132,103.86620000000002,0.8173323343789767,179.2595,
11,2,22,Dark room,8,8,Miss,10.69782444471773,7.0478244447177305,7.0478244447177305,16.894200000000005,5.159367994361393,102.18289999999999,1.5316780039300293,179.54880000000003,136.83230000000003
11,2,22,Dark room,9,9,Miss,6.45342671841866,2.8034267184186605,2.8034267184186605,1.5139999999999878,5.507810459834522,106.08000000000001,1.6053348392486706,179.8143,
11,2,22,Dark room,10,10,Miss,14.609446946753303,10.959446946753303,10.959446946753303,12.228499999999976,6.018163796354457,105.54820000000001,2.008958642125538,181.93150000000003,143.1347
11,2,22,Lit room,1,11,Miss,5.603524100064183,1.9535241000641834,1.9535241000641834,0.012200000000013311,5.2686214134062155,102.47659999999999,1.71461635470978,174.6673,
11,2,22,Lit room,2,12,Miss,14.574738764382696,10.924738764382695,10.924738764382695,11.478199999999994,5.876967373746903,107.9692,1.8135158630932704,181.7561,131.2242
11,2,22,Lit room,3,13,Miss,4.463445988247202,0.8134459882472029,0.8134459882472029,2.910700000000012,5.333147180311778,101.4212,1.7391729583047018,185.89100000000002,130.6166
11,2,22,Lit room,4,14,Miss,5.742035155761428,2.0920351557614287,2.0920351557614287,8.516700000000007,5.48102202724383,96.64750000000001,1.7907848672437106,179.5378,
11,2,22,Lit room,5,15,Hit,1.5944561768828833,0.0,0.0,0.0,5.3136440592844085,103.03539999999998,1.8989468266838196,182.85490000000001,
11,2,22,Lit room,6,16,Miss,4.093961632697611,0.44396163269761146,0.44396163269761146,8.592200000000012,5.3732461284881,101.3126,1.5164834517588814,186.222,
11,2,22,Lit room,7,17,Miss,6.99562363838993,3.345623638389931,3.345623638389931,0.1681999999999908,5.691921066056696,103.32469999999998,1.926577058840648,174.33480000000003,148.2049
11,2,22,Lit room,8,18,Hit,2.9107030576820883,0.0,0.0,0.0,5.257364580266064,103.82079999999999,1.6222459912250227,180.04540000000003,
11,2,22,Lit room,9,19,Miss,11.856118059887892,8.206118059887892,8.206118059887892,1.6251999999999844,5.619461975640518,102.446,1.5718945423261272,175.3479,130.6468
11,2,22,Lit room,10,20,Miss,4.607772590959757,0.9577725909597579,0.9577725909597579,11.06160000000002,5.314740568397652,105.09309999999999,1.730815394416786,184.3696,134.3185
12,1,23,Dark room,1,1,Miss,5.77020795552466,2.120207955524661,2.120207955524661,3.375700000000001,5.5025724062860455,76.03270000000002,2.165719957345306,147.16719999999998,116.2334091684435
12,1,23,Dark room,2,2,Miss,,0.0,0.0,0.0,5.3218597603284366,78.36030000000001,2.0450850576873933,142.5617,126.9014
12,1,23,Dark room,3,3,Hit,1.7696930474583557,0.0,0.0,0.0,5.135627841286798,80.05450000000003,2.035908382059011,158.1934,115.8168
12,1,23,Dark room,4,4,Miss,13.028581726343045,9.378581726343047,9.378581726343047,8.055399999999999,5.8258792621946744,80.34360000000002,2.1307421785628238,161.2099,121.4586081081081
12,1,23,Dark room,5,5,Hit,0.7507267593458379,0.0,0.0,0.0,5.529595223593954,77.22340000000001,1.8107227911097616,161.5514,118.5059
12,1,23,Dark room,6,6,Miss,17.981702385480627,14.331702385480629,14.331702385480629,15.19530000000001,6.0821106912854495,77.34940000000002,1.9732218950193312,156.942,114.7921
12,1,23,Dark room,7,7,Miss,55.89829979856276,52.24829979856276,52.24829979856276,52.3269,5.4702399281994305,75.4994,2.048999993834437,160.1941,116.68793867924528
12,1,23,Dark room,8,8,Miss,14.65466281154229,11.004662811542289,11.004662811542289,9.489600000000017,6.061769479389843,76.06410000000001,2.2203452139997197,160.14849999999998,114.88640000000002
12,1,23,Dark room,9,9,Miss,15.326414140626657,11.676414140626658,11.676414140626658,13.132200000000005,6.0875749693730326,75.6624,2.0374761048391634,154.5523,112.1908
12,1,23,Dark room,10,10,Miss,5.332611969757409,1.6826119697574091,1.6826119697574091,3.241099999999995,5.206311691097551,75.45220000000002,2.0548455155137133,164.334,111.28479999999999
12,1,23,Lit room,1,11,Miss,3.811553134878234,0.16155313487823442,0.16155313487823442,9.914700000000003,5.209609221486436,74.92040000000001,2.2108081946482736,161.1462,112.95622280701754
12,1,23,Lit room,2,12,Miss,21.46111880820756,17.81111880820756,17.81111880820756,16.49880000000001,6.3348876970071055,74.32109999999999,2.277711132373853,152.22230000000002,112.2161
12,1,23,Lit room,3,13,Miss,8.08631560168164,4.436315601681641,4.436315601681641,2.3689000000000027,5.435582017338901,74.04369999999999,2.3996725427923007,156.4251,112.46494320785597
12,1,23,Lit room,4,14,Miss,11.323884424083465,7.673884424083465,7.673884424083465,8.428500000000007,5.788391654009349,76.44779999999999,2.297709693382485,159.2117,113.68870000000001
12,1,23,Lit room,5,15,Miss,8.193894688119947,4.543894688119948,4.543894688119948,5.750599999999998,5.6152147956044836,78.5724,2.2314118749866187,158.3196,111.30619999999999
12,1,23,Lit room,6,16,Miss,9.695054925063593,6.045054925063593,6.045054925063593,6.876999999999987,5.853959389750107,75.6837,2.292126850519259,160.3989,111.0528
12,1,23,Lit room,7,17,Miss,17.863257381004157,14.213257381004158,14.213257381004158,14.924899999999987,5.869225108887425,77.6844,2.1094867744944477,157.6019,112.88900000000002
12,1,23,Lit room,8,18,Hit,2.3550112384562882,0.0,0.0,0.0,5.139946953171156,76.91969999999999,2.0962937399659305,156.47830000000002,112.621
12,1,23,Lit room,9,19,Miss,9.478653285145512,5.828653285145513,5.828653285145513,6.0282999999999936,5.7779298601689995,77.3301,2.2570746810803723,155.0458,112.23800000000003
12,1,23,Lit room,10,20,Hit,2.5448169482302676,0.0,0.0,0.0,5.2103656281605675,74.34670000000001,2.236810995931487,158.16,112.54390000000001
12,2,24,Dark room,1,1,Miss,7.849666365521531,4.199666365521532,4.199666365521532,0.5449999999999937,5.148399838100991,71.9054,2.285828168796832,161.7557,
12,2,24,Dark room,2,2,Miss,6.090907180379619,2.44090718037962,2.44090718037962,14.904800000000002,4.87653675012429,69.95030000000001,2.1970102673646568,166.1445,
12,2,24,Dark room,3,3,Hit,1.7510311127009077,0.0,0.0,0.0,4.99416581505248,76.3122,2.2404816000023353,170.7514,123.2789
12,2,24,Dark room,4,4,Hit,1.7143725995243977,0.0,0.0,0.0,5.021235474087574,72.14119999999998,0.0,165.6231,119.9903
12,2,24,Dark room,5,5,Miss,4.556157866009475,0.9061578660094751,0.9061578660094751,10.464300000000001,5.0288621294580516,74.05319999999999,2.204509144756219,173.77859999999998,119.42819999999999
12,2,24,Dark room,6,6,Miss,11.448683124709145,7.798683124709146,7.798683124709146,24.1308,4.741789676060925,71.17880000000001,2.334196540644764,171.7999,126.48750000000001
12,2,24,Dark room,7,7,Miss,4.233275918245819,0.5832759182458194,0.5832759182458194,4.376300000000007,4.84266178380011,75.13369999999999,2.516410025645326,174.13479999999998,124.78240000000001
12,2,24,Dark room,8,8,Hit,2.2296299950036618,0.0,0.0,0.0,4.93431611882353,72.48200000000001,2.529433089631183,165.18579999999997,
12,2,24,Dark room,9,9,Miss,8.697499790169585,5.047499790169586,5.047499790169586,2.789599999999999,5.120624946202068,74.0828,2.5843182005572514,168.7839,114.79179999999998
12,2,24,Dark room,10,10,Miss,8.50455698611045,4.85455698611045,4.85455698611045,4.605200000000003,5.312858702352667,76.12250000000002,2.4860690956543543,166.46710000000002,
12,2,24,Lit room,1,11,Miss,13.06951531542008,9.419515315420082,9.419515315420082,7.800982962962954,5.143392059630363,68.7409,2.664422716413844,155.45000000000002,107.17840000000001
12,2,24,Lit room,2,12,Miss,,0.0,0.0,0.0,4.9068595431302375,70.44340000000001,2.5852383070988947,165.8179,109.73830000000001
12,2,24,Lit room,3,13,Miss,5.131762202206964,1.4817622022069648,1.4817622022069648,0.0,4.803186207433776,68.3453,2.525710063645657,160.9383,108.22300000000001
12,2,24,Lit room,4,14,Miss,3.173611811485455,0.0,0.0,0.0,4.773681230276685,71.19860000000001,2.5393736239105564,169.9572,109.64280000000002
12,2,24,Lit room,5,15,Miss,6.623436992981817,2.973436992981817,2.973436992981817,0.8944999999999999,5.06787529933148,70.18640000000003,2.551581851481128,167.47310000000002,108.31110000000002
12,2,24,Lit room,6,16,Miss,8.764787259255057,5.114787259255057,5.114787259255057,6.210799999999984,5.416905090798657,70.29549999999999,2.5377876649716136,165.3163,108.19539999999999
12,2,24,Lit room,7,17,Miss,4.556759867493566,0.9067598674935669,0.9067598674935669,4.328300000000005,4.858922413748024,71.20160000000003,2.6244260595358453,171.0628,107.16420000000001
12,2,24,Lit room,8,18,Miss,11.214053280593953,7.564053280593954,7.564053280593954,8.796700000000008,5.687452859356178,72.47170000000001,2.602392029064837,167.0953,
12,2,24,Lit room,9,19,Miss,4.1258107045767405,0.475810704576741,0.475810704576741,5.235600000000011,4.74597054056269,62.44100000000002,2.654095071366247,149.1876,101.3185
12,2,24,Lit room,10,20,Miss,12.662403014436073,9.012403014436074,9.012403014436074,8.983699999999992,5.552512418954259,72.94539999999999,2.650353728023654,164.50140000000002,110.49810000000001
13,1,25,Dark room,1,1,Miss,7.037854300850506,3.387854300850506,3.387854300850506,17.200899999999997,5.297848518323029,85.3863,0.6033464003158283,170.64229999999998,115.93903706476974
13,1,25,Dark room,2,2,Miss,4.310700724940209,0.6607007249402095,0.6607007249402095,5.384599999999998,5.184171472551769,88.4984,1.3840956305008754,169.68009999999998,125.10320477312906
13,1,25,Dark room,3,3,Miss,8.918289623576944,5.268289623576945,5.268289623576945,6.614899999999998,5.931857183945405,91.13820000000004,0.8074466270524187,165.77640000000002,117.23766333333333
13,1,25,Dark room,4,4,Miss,16.642382072888484,12.992382072888486,12.992382072888486,13.875499999999995,5.921948045298548,92.52830000000003,0.6423798239350802,170.7431,118.92480000000002
13,1,25,Dark room,5,5,Miss,4.2641670757605175,0.614167075760518,0.614167075760518,11.571099999999994,5.409186676211609,89.24690000000001,0.0,173.50189999999998,124.55120000000001
13,1,25,Dark room,6,6,Miss,9.127902412383692,5.477902412383693,5.477902412383693,0.18069999999999364,5.410626727160275,91.304,0.0,172.7533,116.147569296741
13,1,25,Dark room,7,7,Miss,11.425113010381995,7.775113010381996,7.775113010381996,3.704799999999998,5.25315637805271,91.71120000000002,0.8607481397716424,172.6122,118.81389999999999
13,1,25,Dark room,8,8,Miss,7.396873432741701,3.746873432741702,3.746873432741702,6.153500000000014,5.2755828839192445,93.69320000000002,0.6987060806357214,182.2587,121.15540000000001
13,1,25,Dark room,9,9,Miss,5.447029025074134,1.797029025074134,1.797029025074134,13.30530000000001,5.22787395534508,91.08210000000003,0.0,182.59910000000002,120.89510000000001
13,1,25,Dark room,10,10,Miss,4.9400738860871325,1.290073886087133,1.290073886087133,1.3334000000000037,5.382845625375638,89.21960000000004,0.0,172.6544,120.2912
13,1,25,Lit room,1,11,Miss,5.087831139100442,1.4378311391004424,1.4378311391004424,12.272700000000022,5.327607362831341,90.6507,0.8884213440453022,175.9762,117.7482
13,1,25,Lit room,2,12,Miss,5.2054825953027635,1.555482595302764,1.555482595302764,1.542400000000021,5.49678683037904,87.46050000000002,0.6366252456756505,173.0711,119.7307
13,1,25,Lit room,3,13,Miss,6.3117069996950566,2.661706999695057,2.661706999695057,3.6036999999999813,5.875099065547448,88.30330000000001,0.0,171.0593,118.6762
13,1,25,Lit room,4,14,Miss,4.779286834874014,1.1292868348740148,1.1292868348740148,3.637100000000024,5.530651607244962,87.39040000000003,0.0,171.12830000000002,119.04960000000001
13,1,25,Lit room,5,15,Hit,2.900733564117879,0.0,0.0,0.0,5.3875161273591985,87.8681,0.35789212017062616,170.39310000000003,118.72680000000001
13,1,25,Lit room,6,16,Miss,13.315224417560549,9.665224417560548,9.665224417560548,25.34800000000002,5.180217513370341,85.25470000000001,0.6040294781440817,171.83770000000004,122.89570000000002
13,1,25,Lit room,7,17,Miss,4.474497748351215,0.8244977483512157,0.8244977483512157,10.512500000000024,5.516985526922018,86.2294,0.7199019833802851,170.91170000000002,118.93350000000001
13,1,25,Lit room,8,18,Miss,,0.0,0.0,0.0,5.2136005404212495,90.76490000000001,0.5756345793944387,174.24060000000003,119.8499
13,1,25,Lit room,9,19,Miss,7.5997649082060414,3.949764908206042,3.949764908206042,3.5662000000000296,5.172992955213789,93.18690000000001,0.18109565249337053,175.55380000000002,122.28070000000001
13,1,25,Lit room,10,20,Miss,5.150476358551717,1.5004763585517171,1.5004763585517171,13.80960000000001,5.214505892644858,89.60030000000003,1.6156163690943137,174.42510000000001,119.70129999999999
13,2,26,Dark room,1,1,Miss,14.661241449481691,11.011241449481691,11.011241449481691,1.006999999999997,5.318433576708954,78.99469999999998,0.0,167.2409,141.24300000000002
13,2,26,Dark room,2,2,Miss,20.8738735152343,17.223873515234303,17.223873515234303,4.8016,5.19144391327293,82.8052,2.2954715476694942,172.6396,
13,2,26,Dark room,3,3,Miss,20.711549199661523,17.061549199661524,17.061549199661524,0.0,5.1474484707023365,85.99100000000003,1.6879740515240573,169.8136,129.4738
13,2,26,Dark room,4,4,Miss,17.030540629410446,13.380540629410447,13.380540629410447,17.72209999999999,4.9489889503377,80.37020000000003,1.7160943089204295,170.5645,128.7848
13,2,26,Dark room,5,5,Miss,19.08463331505219,15.434633315052192,15.434633315052192,12.486100000000015,5.392215892220369,84.85450000000002,1.8661692062730586,168.7696,128.0791
13,2,26,Dark room,6,6,Miss,16.74410571305617,13.094105713056173,13.094105713056173,12.061800000000012,5.734638761467174,81.42500000000003,1.9786056756773436,164.2919,
13,2,26,Dark room,7,7,Miss,5.183921536829046,1.5339215368290464,1.5339215368290464,0.0,4.873816360171508,85.3567,1.8914364347697883,165.4603,124.79310000000002
13,2,26,Dark room,8,8,Miss,17.973924332766078,14.32392433276608,14.32392433276608,15.4009,5.728960171942357,81.19330000000001,1.9068839677055847,162.0248,124.928
13,2,26,Dark room,9,9,Miss,7.889193929039899,4.2391939290398994,4.2391939290398994,0.0,5.16755456630878,83.4945,1.9466376768050315,164.397,122.35180000000001
13,2,26,Dark room,10,10,Miss,18.20942201416618,14.55942201416618,14.55942201416618,2.8724000000000194,5.446422450897701,80.09100000000002,1.909710294771159,162.8563,122.40920000000003
13,2,26,Lit room,1,11,Miss,5.864382364750783,2.214382364750784,2.214382364750784,17.445100000000004,4.855667532554497,78.78120000000001,1.900988567544832,169.2591,122.86520000000002
13,2,26,Lit room,2,12,Hit,0.2522922908057255,0.0,0.0,0.2548125000000203,5.072620163483534,80.61290000000002,1.7646642939829675,161.2998,
13,2,26,Lit room,3,13,Miss,6.638461379717436,2.988461379717436,2.988461379717436,0.43429999999998525,4.998104361153339,80.9505,1.8607978081943244,163.95350000000002,123.15840000000001
13,2,26,Lit room,4,14,Miss,16.975704233109152,13.325704233109153,13.325704233109153,9.475000000000001,5.332691091909495,80.92710000000002,1.8219182335985413,163.5027,121.66342806272459
13,2,26,Lit room,5,15,Miss,,0.0,0.0,0.0,4.880788578601088,81.09649999999999,1.8936556967479756,164.81640000000002,120.5819
13,2,26,Lit room,6,16,Miss,5.1252085167337365,1.475208516733737,1.475208516733737,0.0,4.991570486371445,77.59,1.9473046326317824,160.71980000000002,121.23440000000002
13,2,26,Lit room,7,17,Miss,13.01514170994692,9.365141709946922,9.365141709946922,5.529199999999981,5.459759660722284,78.57800000000003,1.8385457064669515,158.9619,122.45419999999999
13,2,26,Lit room,8,18,Miss,7.052930560412461,3.402930560412462,3.402930560412462,0.8930000000000069,5.199491087168344,76.6243,1.9407176162566282,161.5113,123.40180000000001
13,2,26,Lit room,9,19,Miss,6.247187787316783,2.5971877873167832,2.5971877873167832,0.0,5.117221631721856,77.702,1.9255075532823767,158.082,119.11710000000001
13,2,26,Lit room,10,20,Miss,12.387918198793534,8.737918198793533,8.737918198793533,7.076900000000001,5.562438871616362,78.852,2.013317273398834,159.2545,122.8683
14,1,27,Dark room,1,1,Miss,9.79752981368263,6.14752981368263,6.14752981368263,0.0,5.578959952934139,95.6633,1.5251205936094305,151.5608,
14,1,27,Dark room,2,2,Miss,5.6737001066323565,2.023700106632357,2.023700106632357,2.6601999999999952,5.622117323073597,92.73729999999999,1.9952255547966342,157.9038,
14,1,27,Dark room,3,3,Miss,9.164364048857944,5.514364048857945,5.514364048857945,14.2575,5.280513961289224,96.6512,1.5868601329140517,168.5298,
14,1,27,Dark room,4,4,Miss,9.116303700513699,5.466303700513699,5.466303700513699,19.29999999999999,5.177015149740862,93.33379999999998,1.6708688764960546,164.075,119.7535
14,1,27,Dark room,5,5,Miss,3.902080842319904,0.25208084231990435,0.25208084231990435,5.816499999999983,5.457554761541462,94.0246,,162.5948,119.3281
14,1,27,Dark room,6,6,Miss,3.8466909441752724,0.19669094417527289,0.19669094417527289,4.571599999999996,5.408568551163602,92.4609,1.637569401570076,162.4962,
14,1,27,Dark room,7,7,Miss,8.224522955770755,4.574522955770756,4.574522955770756,0.0,5.661427305584639,99.71220000000001,0.17082168699722305,159.8619,124.89670000000002
14,1,27,Dark room,8,8,Miss,,0.0,0.0,0.0,5.679153664431365,90.70739999999999,1.4313454148394507,156.6361,120.4211
14,1,27,Dark room,9,9,Miss,3.7193151412592043,0.0693151412592048,0.0693151412592048,6.523900000000004,5.499931081178366,90.5225,1.834085497294531,164.7182,117.69550000000001
14,1,27,Dark room,10,10,Miss,4.650710889745777,1.0007108897457773,1.0007108897457773,0.0,5.625643356031507,94.16969999999999,0.0,161.86409999999998,
14,1,27,Lit room,1,11,Miss,6.183961110000612,2.5339611100006127,2.5339611100006127,6.770799999999986,5.524591103440701,92.69250000000001,1.7934043283984207,155.18869999999998,120.3744
14,1,27,Lit room,2,12,Miss,9.362256729015723,5.712256729015723,5.712256729015723,6.609700000000038,6.093203252544273,89.8462,1.9124384017453135,151.83579999999998,120.682
14,1,27,Lit room,3,13,Miss,11.49655255500535,7.84655255500535,7.84655255500535,8.68160000000001,5.990404346988729,90.4047,1.6325870966004632,143.4004,123.11840000000001
14,1,27,Lit room,4,14,Miss,15.390074357845076,11.740074357845078,11.740074357845078,11.65450000000002,6.09775410825687,91.40190000000003,1.52593736163022,154.13569999999999,
14,1,27,Lit room,5,15,Miss,5.285442969137008,1.6354429691370083,1.6354429691370083,3.481199999999993,5.351300897853519,86.37809999999998,1.8036331524802935,155.11589999999998,114.77739999999999
14,1,27,Lit room,6,16,Miss,5.622523316981436,1.9725233169814365,1.9725233169814365,0.0,5.7488433884692025,88.77570000000001,1.6552796957948346,146.65239999999997,125.13870000000001
14,1,27,Lit room,7,17,Miss,4.622225667359821,0.9722256673598215,0.9722256673598215,2.00519999999998,5.46134980369872,86.42119999999998,1.7114625479154588,151.6078,122.72185502008034
14,1,27,Lit room,8,18,Miss,4.321156125390514,0.6711561253905147,0.6711561253905147,2.997399999999991,5.550590897102751,90.33470000000001,1.6866747839992273,158.0947,120.38070000000002
14,1,27,Lit room,9,19,Miss,10.972136732651487,7.3221367326514875,7.3221367326514875,5.402900000000037,5.620362568987576,89.47670000000001,1.64309190125103,158.35819999999998,115.9945
14,1,27,Lit room,10,20,Miss,5.416582816684315,1.7665828166843154,1.7665828166843154,3.2179999999999813,5.385535258554752,90.17200000000001,2.5112280123013018,149.7377,119.3571
14,2,28,Dark room,1,1,Miss,50.62718145028418,46.977181450284185,46.977181450284185,45.85959999999999,6.42047764699391,91.91380000000004,2.4432753181786864,157.5915,
14,2,28,Dark room,2,2,Miss,25.832131732785815,22.182131732785816,22.182131732785816,18.826299999999996,5.591666488076117,94.14850000000001,2.204629649980868,169.7861,
14,2,28,Dark room,3,3,Miss,17.86189498149622,14.211894981496222,14.211894981496222,12.502699999999997,5.976518729955551,89.52380000000002,2.2147064228973643,169.0411,
14,2,28,Dark room,4,4,Miss,13.21306981174322,9.563069811743219,9.563069811743219,1.4847999999999848,5.792950406562718,87.87820000000002,2.209148638312402,168.86950000000002,
14,2,28,Dark room,5,5,Miss,4.147664096814013,0.49766409681401313,0.49766409681401313,6.213,5.282636737662125,87.64690000000002,1.9790643281902354,166.8702,
14,2,28,Dark room,6,6,Miss,6.928273277664502,3.2782732776645025,3.2782732776645025,11.370200000000004,5.273772203898434,88.19729999999998,1.9737627689362593,179.4228,
14,2,28,Dark room,7,7,Miss,4.24505881702479,0.5950588170247908,0.5950588170247908,12.410399999999989,5.349982428810062,87.8632,2.021417455961115,169.27949999999998,
14,2,28,Dark room,8,8,Miss,7.233915545539625,3.583915545539625,3.583915545539625,3.0105999999999886,5.752531922407784,92.67270000000002,1.9885089730604069,176.5241,122.42720000000001
14,2,28,Dark room,9,9,Hit,2.17939066025346,0.0,0.0,0.0,5.277454108601422,91.61710000000002,2.003969193225253,176.7278,
14,2,28,Dark room,10,10,Miss,18.828298284497194,15.178298284497195,15.178298284497195,6.039800000000006,5.684184514981738,93.31450000000001,2.2883279591034733,175.0196,
14,2,28,Lit room,1,11,Miss,14.213319808194013,10.563319808194013,10.563319808194013,11.628000000000021,5.892731519442471,92.65390000000002,2.0346843255031533,173.32150000000001,
14,2,28,Lit room,2,12,Miss,8.921959395222572,5.271959395222573,5.271959395222573,3.8391000000000224,5.733438808000875,92.81649999999999,2.15514482987818,174.9869,
14,2,28,Lit room,3,13,Miss,4.5748855209720745,0.924885520972075,0.924885520972075,2.8478999999999877,5.1974747332543965,91.34040000000002,1.9528385449633199,176.08479999999997,
14,2,28,Lit room,4,14,Hit,2.5855249757061025,0.0,0.0,0.0,5.312124755920874,91.97560000000001,1.882581918471142,178.32569999999998,
14,2,28,Lit room,5,15,Hit,2.242392186928949,0.0,0.0,0.0,5.301990899193863,90.95810000000003,1.9016525890254479,174.19459999999998,
14,2,28,Lit room,6,16,Miss,3.891984333216146,0.24198433321614665,0.24198433321614665,6.59069999999999,5.323874299038269,89.06770000000003,1.9839626040888527,176.0067,
14,2,28,Lit room,7,17,Miss,6.530443666398173,2.8804436663981736,2.8804436663981736,0.0,5.583388915874929,88.79820000000001,1.9873216281141364,173.13849999999996,
14,2,28,Lit room,8,18,Hit,2.292817001894022,0.0,0.0,0.0,5.382140694845048,91.33220000000003,2.030798780669406,174.47659999999996,
14,2,28,Lit room,9,19,Miss,4.237286543296309,0.5872865432963099,0.5872865432963099,10.504399999999983,5.244156587167855,90.13750000000002,1.9929488559336226,173.68849999999998,
14,2,28,Lit room,10,20,Hit,0.5913133264184227,0.0,0.0,0.0,5.321180348497979,90.80570000000003,2.077541642524972,170.1712,
