Session,Player,Participant,Condition,Trial,CompletedThrows,Outcome,BallCentroidDistanceAtBrimPlane,BallCentroidDistanceMin,DistanceMiss,LateralMiss,LongitudeMiss,BallSpeedMax,BallAltitudeMax,WristSpeedMax,DispatchDistance,DispatchElbowAltitude
1,1,1,Darkness,1,1,Miss,10.413335229886732,10.413335229886732,6.763335229886732,0.0,182.16759999999996,5.446972712805319,76.29850000000003,2.0587874281523075,138.3875,41.139700000000005
1,1,1,Darkness,2,2,Miss,6.714804643472524,6.714804643472524,3.0648046434725247,4.3094,188.91439999999997,5.1376539029018184,80.54799999999999,2.0266747920559847,156.59369999999998,43.72840000000002
1,1,1,Darkness,3,3,Miss,9.277512935048925,9.277512935048925,5.627512935048926,3.0790000000000006,189.26609999999997,5.545548887349163,78.83640000000001,2.148620936366393,150.4608,42.111000000000004
1,1,1,Darkness,4,4,Miss,9.282251255487562,9.282251255487562,5.632251255487563,0.958499999999999,189.82229999999998,5.452735624618103,74.2925,2.300582951338875,146.5057,38.5364
1,1,1,Darkness,5,5,Miss,11.105531503714706,8.452666235573236,4.802666235573237,1.222100000000001,187.617,4.960338715865089,69.58390000000001,2.3759240730939823,148.0358,38.941599999999994
1,1,1,Darkness,6,6,Hit,4.744051068443507,2.222943319115452,0.0,1.2863000000000007,188.4478,4.88833672324818,73.532,2.1907858634922386,146.695,36.61880000000002
1,1,1,Darkness,7,7,Miss,12.347549347947565,12.347549347947565,8.697549347947565,6.913000000000003,188.97689999999997,5.252810480094402,72.73480000000002,2.310347100181518,139.3245,38.63430000000001
1,1,1,Darkness,8,8,Miss,9.673068235570364,9.673068235570364,6.023068235570364,4.4006,188.8207,5.5136827677729805,77.13669999999998,2.1979196975127633,143.59279999999998,39.96459999999999
1,1,1,Darkness,9,9,Miss,11.780619377180482,11.780619377180482,8.130619377180484,4.4187,189.8423,5.147200379161941,74.83800000000001,2.211974784526084,147.67559999999997,38.38080000000001
1,1,1,Darkness,10,10,Miss,11.955312349328231,11.955312349328231,8.305312349328233,2.6652000000000005,189.04389999999998,5.3733858959595935,74.17299999999999,2.1916234710718707,140.2338,39.5894
1,1,1,Daylight,1,11,Miss,10.482850723920473,10.482850723920473,6.832850723920473,1.8293999999999997,183.0144,5.57278673833522,76.47000000000001,2.1107628714432,147.4873,38.254900000000006
1,1,1,Daylight,2,12,Miss,8.548513522244672,8.099053889189772,4.449053889189773,4.818800000000002,186.96970000000002,5.157152134110065,76.97870000000002,2.0123917894313625,146.9985,41.05839999999999
1,1,1,Daylight,3,13,Miss,10.352429837482589,10.352429837482589,6.7024298374825895,6.154700000000001,191.45059999999998,5.652996706346364,75.86910000000002,2.2741508293188364,147.1515,44.386700000000005
1,1,1,Daylight,4,14,Miss,7.809064165442623,7.809064165442623,4.159064165442624,6.018900000000001,188.6876,5.147831553961505,75.3599,2.018160665706532,142.5552,39.2488
1,1,1,Daylight,5,15,Miss,2.9945403002798323,2.9945403002798323,0.0,2.7352000000000007,189.69559999999998,4.934705846599194,72.254,2.2086866451010625,149.5509,40.07600000000001
1,1,1,Daylight,6,16,Miss,6.608221837226705,6.608221837226705,2.9582218372267057,6.348200000000001,190.29670000000002,5.017404923049069,73.35660000000003,2.2158827215613344,144.3128,38.8284
1,1,1,Daylight,7,17,Hit,4.080096334647028,1.6792274831004825,0.0,12.895300000000002,194.5303,4.9597424703250885,71.75070000000001,2.1487613966670343,149.7855,36.4508
1,1,1,Daylight,8,18,Miss,6.03907610897561,6.03907610897561,2.389076108975611,2.2743,190.0004,5.358193768058726,69.66770000000001,2.2535849874286447,149.93810000000002,37.658399999999986
1,1,1,Daylight,9,19,Hit,4.8933599346461385,1.7621900266429844,0.0,8.1292,190.1361,4.9615004071444595,69.6219,2.201419477056344,150.7165,36.6661
1,1,1,Daylight,10,20,Miss,13.34790155942124,13.34790155942124,9.69790155942124,7.854300000000001,183.80382033898306,5.297201810685449,69.48315000000001,2.287454268315486,134.7298,37.6623
1,2,2,Darkness,1,1,Miss,17.685370745901817,17.685370745901817,14.035370745901819,0.0,191.79049999999998,5.5044963609289494,80.5131,2.526184802845517,157.3577,27.0595
1,2,2,Darkness,2,2,Miss,11.4607479097134,7.3828643499660815,3.732864349966082,21.7376,192.0624,4.881263074236346,74.36629999999998,2.2524861567459236,157.66680000000002,26.806738712065155
1,2,2,Darkness,3,3,Miss,4.96706313428771,4.9574664618129285,1.307466461812929,0.6621999999999995,192.9101,4.823399569449249,76.8256,2.132928705441956,157.2209,35.310369835466176
1,2,2,Darkness,4,4,Miss,12.41593503083839,12.41593503083839,8.765935030838392,0.0,193.0563,5.5190438709479555,77.91680000000001,2.310885241071474,155.79919999999998,29.042500000000004
1,2,2,Darkness,5,5,Miss,12.8134195954866,9.001856889553396,5.351856889553397,0.0,189.4359,4.878873127656661,75.51629999999999,2.277624399100717,156.4624,31.667699999999996
1,2,2,Darkness,6,6,Miss,11.274353883482647,11.274353883482647,7.624353883482647,0.0,191.9433,5.414013153969669,78.7787,2.4318673719801986,157.0448,26.29609999999998
1,2,2,Darkness,7,7,Hit,3.0031411255550378,0.4091056831675624,0.0,0.0,191.0035,4.761017608206202,78.03279999999997,2.392463101895391,156.5571,28.332599999999985
1,2,2,Darkness,8,8,Miss,10.048145432864711,10.048145432864711,6.398145432864712,0.0,191.1283,4.688224482215967,74.49850000000002,2.226183073453987,159.957,26.483599999999996
1,2,2,Darkness,9,9,Miss,10.461936140600358,9.03501090038081,5.38501090038081,5.259400000000002,189.832,5.058757666758279,74.06510000000002,2.303711114374227,154.5528,26.923102264808378
1,2,2,Darkness,10,10,Miss,16.60148447940725,16.60148447940725,12.951484479407252,0.5039000000000007,188.99699999999999,5.128383601711187,75.52019999999997,2.4203938824346114,150.9249,28.633199999999988
1,2,2,Daylight,1,11,Miss,9.432459812795383,9.432459812795383,5.782459812795383,0.0,191.08520000000001,5.462240729596075,73.93519999999998,2.4764605698977484,152.8297,26.85212849740931
1,2,2,Daylight,2,12,Hit,3.7679381881872795,2.392519767616848,0.0,0.0,189.18710000000002,4.844487618360932,73.84450000000001,2.484818063474903,152.43990000000002,26.676234278122237
1,2,2,Daylight,3,13,Miss,8.474109431084786,8.474109431084786,4.8241094310847865,0.0,190.46869999999998,5.4496753253554315,75.62460000000002,2.466787402255185,153.4545,27.4562194898366
1,2,2,Daylight,4,14,Miss,7.486043305378361,5.422588158803869,1.7725881588038694,1.4928999999999997,190.5712,4.964141812596673,72.69550000000001,2.4148269751452243,152.95530000000002,27.875675238095255
1,2,2,Daylight,5,15,Miss,6.721846915097069,5.576796548198626,1.9267965481986264,10.122499999999999,191.4543,4.776180543461631,73.84220000000002,2.1936960110047634,157.7734,28.26957431355183
1,2,2,Daylight,6,16,Miss,7.954960040125911,7.767338752751809,4.1173387527518095,3.8268999999999993,190.3127,5.09642579261221,74.84129999999999,2.434305347709321,156.5207,27.9983
1,2,2,Daylight,7,17,Hit,4.223586483073371,1.145058256159916,0.0,0.0,186.57590000000002,4.7766788233836115,74.52940000000001,2.3614262634303422,154.5788,27.52560000000001
1,2,2,Daylight,8,18,Hit,4.118268166353437,0.815967958929758,0.0,0.0,187.1925,4.888400212075442,70.8228,2.401194333681703,149.5825,25.959246310432576
1,2,2,Daylight,9,19,Miss,9.637477811647607,9.637477811647607,5.987477811647607,1.0151999999999992,190.18280000000001,5.391913403813641,74.8067,2.4612773653522346,151.53910000000002,32.531300000000016
1,2,2,Daylight,10,20,Miss,5.635984905941472,5.635984905941472,1.9859849059414723,0.0,187.5916,4.751193400908801,72.21429999999998,2.3960785872133226,152.0992,25.32740000000001
2,1,3,Darkness,1,1,Miss,18.509042183214117,16.815148033246683,13.165148033246684,15.9073,195.4449,5.144598174014786,82.0898,2.158582053064785,156.87699999999998,46.12730000000002
2,1,3,Darkness,2,2,Miss,16.478035269412448,16.478035269412448,12.82803526941245,0.0,195.82479999999998,5.511845063975592,87.66129999999998,2.4357737875724568,162.1705,43.150099999999995
2,1,3,Darkness,3,3,Miss,10.690641588791582,10.690641588791582,7.0406415887915825,0.0,199.41019999999997,5.047167070946548,81.9459,2.4901548644902274,165.23579999999998,
2,1,3,Darkness,4,4,Miss,10.815215649260084,10.815215649260084,7.165215649260085,0.0,198.64669999999998,5.382431358438458,85.70779999999999,2.3548443910912913,165.65659999999997,
2,1,3,Darkness,5,5,Miss,17.92389220147232,17.92389220147232,14.273892201472322,9.473500000000001,199.7825,5.2790845977072465,81.14329999999998,2.3195211661425454,160.1597,
2,1,3,Darkness,6,6,Hit,4.169541598305505,2.487421832107525,0.0,0.0,195.45249999999996,5.084681935178225,78.25910000000002,2.342284919890142,156.13539999999998,
2,1,3,Darkness,7,7,Miss,9.34829168856439,9.34829168856439,5.69829168856439,5.068600000000001,190.81119999999999,5.141377699128335,74.1731,2.5180601877749966,148.7873,40.490999999999985
2,1,3,Darkness,8,8,Miss,15.048538467239931,14.65504204770495,11.00504204770495,0.0,193.05999999999997,5.139132222202488,77.3947,2.3903059974723386,156.24679999999998,
2,1,3,Darkness,9,9,Miss,11.823248561203473,5.948669445346571,2.2986694453465715,32.8278,193.27169999999998,5.104237735457124,72.696,2.34783501840887,153.12199999999999,42.06999999999999
2,1,3,Darkness,10,10,Miss,5.677799134347764,5.677799134347764,2.027799134347765,0.0,191.21259999999998,4.986760396589699,75.66119999999998,2.541466307050203,152.58459999999997,40.75020000000001
2,1,3,Daylight,1,11,Miss,8.820662781220015,5.454250552550736,1.8042505525507364,0.0,192.4709,4.747939119617989,77.83780000000003,2.4672699269361873,156.5185,41.51150000000003
2,1,3,Daylight,2,12,Miss,4.414622432326463,1.4628315796552784,0.0,0.0,194.7608,4.936589485034738,75.5811,2.3896062162768925,155.6746,
2,1,3,Daylight,3,13,Miss,13.11282667696024,13.11282667696024,9.46282667696024,0.9646000000000017,192.27509999999998,5.518405072698385,77.265,2.5801991417715517,153.162,
2,1,3,Daylight,4,14,Miss,10.702044578957802,10.653536947887307,7.003536947887308,0.0,197.0821,5.210366552862617,77.2609,2.480675028098523,159.5884,
2,1,3,Daylight,5,15,Hit,4.121136128545146,2.9108003474928963,0.0,0.0,194.42459999999997,4.904846733606085,75.27510000000002,2.4397767365435588,157.05509999999998,
2,1,3,Daylight,6,16,Hit,3.8720406118738024,2.1974477946017394,0.0,0.0,193.8335,4.931943734480791,77.0956,2.4261831740111397,159.353,
2,1,3,Daylight,7,17,Miss,7.356098912467128,5.060205344647583,1.4102053446475837,1.0479000000000012,191.71779999999998,4.859464738002439,73.59840000000001,2.5075722541484784,156.9707,
2,1,3,Daylight,8,18,Miss,4.860022467026254,4.860022467026254,1.2100224670262545,0.0,194.63789999999997,4.916164172406968,76.99090000000002,2.477657424051417,157.1873,
2,1,3,Daylight,9,19,Hit,4.706382540763135,0.43369940996689316,0.0,0.0,193.77219999999997,4.8626080168621515,76.63560000000003,2.505581627423061,159.4977,
2,1,3,Daylight,10,20,Miss,10.520235485006987,10.520235485006987,6.8702354850069876,0.8734000000000011,191.77790000000002,5.44352147849909,77.98750000000003,2.483203386625504,153.7826,
2,2,4,Darkness,1,1,Miss,5.2697411492406205,5.2697411492406205,1.619741149240621,5.3258,213.6571,5.049497604805819,87.58299999999998,2.0942730312597884,169.07620000000003,
2,2,4,Darkness,2,2,Hit,4.063974810453423,1.2678165975799263,0.0,0.0,226.01770000000002,5.059161724913417,91.831,1.9054232396440727,177.56150000000002,
2,2,4,Darkness,3,3,Hit,4.728067252059752,0.4128606164530521,0.0,0.0,202.03003533333336,5.015925394004354,95.34339999999999,2.005526782980269,158.9608,
2,2,4,Darkness,4,4,Miss,6.322774470910703,6.322774470910703,2.6727744709107037,0.03765563380281778,201.0028,4.960528686193096,91.90929999999999,1.9790921678220517,169.23670000000004,
2,2,4,Darkness,5,5,Miss,6.2960505596762575,6.2960505596762575,2.646050559676258,0.0,220.57090000000002,5.222746508005051,91.03609999999999,2.063585285581866,184.07230000000004,
2,2,4,Darkness,6,6,Miss,9.905735188768144,9.905735188768144,6.255735188768145,0.0,222.1087,5.533496408978699,92.9182,2.0517126944782036,183.25420000000003,
2,2,4,Darkness,7,7,Miss,7.348519516201911,5.376899874463,1.7268998744630002,0.0,208.57760000000005,4.943404522243349,93.9343,1.9812294823951562,179.36380000000003,
2,2,4,Darkness,8,8,Miss,33.782064183675956,20.233278258848735,16.583278258848736,0.0,221.01130000000003,4.869022319291976,92.08219999999999,2.0592807635809707,189.39520000000005,
2,2,4,Darkness,9,9,Miss,6.488919677419347,6.488919677419347,2.838919677419348,1.2863000000000016,225.76880000000003,4.992415651870545,94.75019999999999,2.0877584395836903,184.77920000000003,
2,2,4,Darkness,10,10,Miss,10.734830210580855,10.734830210580855,7.084830210580855,0.0,209.27897485380117,5.553791137075227,93.64040000000001,2.206261251660859,159.47870000000003,
2,2,4,Daylight,1,11,Hit,2.920203167589525,0.3467019909274137,0.0,0.0,207.54867692307695,5.109453967930222,86.23280000000001,2.178941064173467,163.131,
2,2,4,Daylight,2,12,Miss,21.209742126202286,21.209742126202286,17.559742126202288,0.0,220.14370000000002,5.953147702453233,88.61089999999997,2.2185193319989294,159.3436,
2,2,4,Daylight,3,13,Miss,12.372072726912018,12.372072726912018,8.722072726912018,0.0,219.39759999999998,4.923582617042018,86.7632,2.1804298040550423,187.29810000000003,
2,2,4,Daylight,4,14,Miss,9.498303655916667,9.498303655916667,5.848303655916667,0.0,220.3558120879121,5.60931324136472,86.40080000000002,2.3282863833897425,161.3854,
2,2,4,Daylight,5,15,Miss,5.914628766879629,5.1725394778580664,1.522539477858067,0.0,200.2839755905512,5.049257012398117,84.7589,2.2593781506553783,117.57570000000001,52.8677
2,2,4,Daylight,6,16,Miss,9.630408512103717,9.630408512103717,5.980408512103717,0.0,195.85850000000002,5.608616719660266,90.7992,2.1477895110860397,160.279,
2,2,4,Daylight,7,17,Miss,7.005052083318168,5.793518690744013,2.1435186907440134,0.0,218.0500612403101,5.132074050035888,88.18050000000001,2.2507881975501793,185.21910000000003,58.23179999999998
2,2,4,Daylight,8,18,Miss,15.813603677214115,15.813603677214115,12.163603677214116,1.9609000000000005,202.9482963302752,6.112291958887494,83.8522,2.2898296351413134,158.52190000000002,
2,2,4,Daylight,9,19,Miss,6.780665311014847,6.292826484180222,2.6428264841802225,0.14260000000000117,206.86737014925373,5.048264066870521,88.46559999999998,2.1955732777647583,169.21990000000002,
2,2,4,Daylight,10,20,Miss,9.518907653192153,5.243887379606859,1.5938873796068593,0.0,212.76364107142857,5.062123252555568,85.99669999999999,2.105692652007892,168.9336,56.818000000000026
5,1,5,Darkness,1,1,Miss,7.330291740442535,7.18001405639292,3.53001405639292,1.7267000000000001,184.14919999999998,5.082379574943424,104.38860000000003,1.93897346081527,152.1361,34.92817993273546
5,1,5,Darkness,2,2,Miss,7.39206397767229,7.39206397767229,3.7420639776722906,0.0,183.6309,5.226680753647299,100.91900000000001,1.9626949726345584,150.5808,31.470400000000012
5,1,5,Darkness,3,3,Miss,12.878366017861117,12.81282713104333,9.16282713104333,9.0548,189.9736,5.023173176855201,102.98660000000001,2.0899037855458755,158.75820000000002,41.64580000000001
5,1,5,Darkness,4,4,Miss,23.29546091838495,23.29546091838495,19.645460918384952,4.281,189.1778,5.19847995718614,106.58480000000003,2.0922539904098434,142.03140000000002,33.84530000000002
5,1,5,Darkness,5,5,Miss,14.881291676464096,14.881291676464096,11.231291676464096,0.0,177.6411,5.290743074367397,105.65050000000002,1.7102257462486576,152.8827,35.73020000000001
5,1,5,Darkness,6,6,Miss,2.995614232263362,2.995614232263362,0.0,0.0,190.371,5.699182323022146,107.5584,1.682203623111418,136.19,44.604900000000015
5,1,5,Darkness,7,7,Miss,12.28893498518078,8.299258780156219,4.649258780156219,0.0,189.048,4.858277146862836,107.2209,1.9630546506684352,160.40460000000002,36.43810000000002
5,1,5,Darkness,8,8,Miss,9.636282350055946,9.636282350055946,5.986282350055947,0.09620000000000006,186.1198,5.309939213407651,102.03380000000001,1.9420332214928542,153.6011,38.76150000000001
5,1,5,Darkness,9,9,Miss,14.390954279338121,14.390954279338121,10.740954279338123,5.964800000000001,189.8971,5.119950912110988,104.1925,1.9350907526545418,161.2701,31.91549673387769
5,1,5,Darkness,10,10,Miss,14.280741087562646,14.280741087562646,10.630741087562647,0.7889000000000008,188.94809999999998,5.1258450134218005,102.09040000000002,1.9360810973169638,152.3717,37.91890000000001
5,1,5,Daylight,1,11,Miss,9.982838963441228,9.982838963441228,6.332838963441229,0.0,184.4,5.31791988885217,99.15050000000001,1.9716428820368135,149.7883,33.596600000000024
5,1,5,Daylight,2,12,Miss,18.736842414345084,18.736842414345084,15.086842414345085,0.0,184.0316,5.4901350687199715,96.82629999999999,2.146253671629265,150.3739,34.7461
5,1,5,Daylight,3,13,Hit,4.618109293856091,2.8887969914249783,0.0,0.0,189.2189,4.8605228691306435,100.39010000000003,2.0245313765064417,159.1329,34.13340000000001
5,1,5,Daylight,4,14,Hit,3.1420553241469267,1.8683152651520174,0.0,0.0,187.21529999999998,4.827529040127101,96.54790000000001,1.9962533371236535,153.9013,33.75380000000001
5,1,5,Daylight,5,15,Miss,13.210434023150043,13.210434023150043,9.560434023150044,0.0,189.7111,5.407376575452105,96.30570000000002,2.120691288828122,152.0857,37.56156654182273
5,1,5,Daylight,6,16,Hit,3.01153302156893,2.1065525129936895,0.0,0.0,195.0828,4.88862731863708,99.96840000000002,2.1857554518362843,165.7072,37.83370000000002
5,1,5,Daylight,7,17,Miss,5.346820481370214,5.346820481370214,1.6968204813702146,0.0,195.1351,4.76766712549061,102.43679999999999,2.111282081138043,168.2269,38.60285084745763
5,1,5,Daylight,8,18,Hit,4.863482798365789,2.720501183281777,0.0,0.0,188.3207,4.8311498264323545,99.17370000000001,2.029761603743912,158.59709999999998,35.02204774774776
5,1,5,Daylight,9,19,Miss,7.4743659142431635,5.472898374718829,1.8228983747188297,0.5277000000000003,190.9545,4.835064154665203,101.92660000000002,2.3494168846375953,163.1629,39.872800000000026
5,1,5,Daylight,10,20,Hit,3.3059905202525974,1.4024684452778284,0.0,0.0,189.13729999999998,4.873168650825904,100.30990000000001,2.0214504734006793,158.9486,35.57070000000003
5,2,6,Darkness,1,1,Miss,12.61472775330487,12.61472775330487,8.96472775330487,0.0,199.7225,5.806897955662159,83.25830000000002,2.395478657521115,156.9084,
5,2,6,Darkness,2,2,Miss,10.727052625954624,10.298758007157948,6.648758007157949,0.0,205.2406,5.142909063535966,79.88850000000002,2.265807947939246,168.13090000000003,
5,2,6,Darkness,3,3,Miss,17.610387127488128,17.610387127488128,13.96038712748813,0.0,214.0119,6.02001569639787,87.33009999999999,1.6161703620475376,161.79430000000002,
5,2,6,Darkness,4,4,Miss,14.581785513783974,6.997321339627044,3.3473213396270447,0.0,200.3672,4.9990537224291005,85.2065,2.1230193739387606,172.1782,45.74600000000001
5,2,6,Darkness,5,5,Miss,6.728895473255628,6.113438687841734,2.4634386878417347,0.5477000000000007,205.09740000000002,5.092065593879223,83.98979999999997,2.3551679191504724,171.27270000000001,
5,2,6,Darkness,6,6,Miss,9.376268634163598,6.842219251821746,3.1922192518217463,0.0,201.6373,5.105723431662042,82.4897,2.1743623460607293,165.4326,
5,2,6,Darkness,7,7,Miss,9.492791785349555,6.109716618632997,2.4597166186329975,0.0,196.2125,5.149515962919146,81.01089999999999,2.2011351617163304,160.0005,44.5423
5,2,6,Darkness,8,8,Miss,13.154985791326409,10.845537493826662,7.195537493826662,1.6843000000000012,196.4265,5.284896363399176,81.9528,2.2050206521328293,158.39380000000003,
5,2,6,Darkness,9,9,Miss,10.560014103210285,10.560014103210285,6.910014103210286,0.0,203.0302,6.056005998268042,81.39250000000001,2.518466973139802,155.3325,45.049199999999985
5,2,6,Darkness,10,10,Hit,3.856074431335574,1.873942776607644,0.0,0.0,207.8988,5.390669227283312,82.77710000000002,2.2292115092976736,166.04180000000002,
5,2,6,Daylight,1,11,Miss,9.500031126791116,6.473906706155114,2.823906706155115,22.0328,205.4089,5.377235872032711,86.2488,2.1625971342904586,165.3685,
5,2,6,Daylight,2,12,Hit,4.0912139286524685,1.098593719470144,0.0,0.0,200.8323,5.376644975539814,80.70209999999999,2.3604246155397504,158.6065,
5,2,6,Daylight,3,13,Miss,8.605721602515386,5.530696196682672,1.8806961966826723,25.103099999999998,205.47209999999998,5.29566976839446,84.98479999999999,2.3187148400598927,165.8863,
5,2,6,Daylight,4,14,Miss,5.190704430999694,5.190704430999694,1.5407044309996945,0.0,199.6172,5.380033189989689,80.12219999999998,2.3729336916697963,158.12130000000002,
5,2,6,Daylight,5,15,Miss,10.83662805950264,6.251407126399626,2.601407126399627,0.49680000000000124,203.02310000000003,5.281042518363467,77.1888,2.3442466924281953,157.068,
5,2,6,Daylight,6,16,Miss,13.47607678258031,7.6312694579604665,3.981269457960467,33.8452,197.0074,5.229398981523921,80.21310000000001,2.0887861155761316,159.6982,
5,2,6,Daylight,7,17,Miss,6.872180941302402,6.0097517269850655,2.359751726985066,2.3370000000000006,201.04330000000002,5.273830351524181,79.25659999999998,2.399524005709273,162.39170000000001,45.2475
5,2,6,Daylight,8,18,Miss,5.9652975525115135,5.9652975525115135,2.315297552511514,0.0,206.59689999999998,5.645369430536303,78.60879999999999,2.4137984888224726,162.0445,42.410899999999984
5,2,6,Daylight,9,19,Miss,9.495816549407435,5.621669397963578,1.9716693979635789,0.0,198.78310000000002,5.187559536078952,77.17569999999999,2.3307090551103036,158.77970000000002,42.628
5,2,6,Daylight,10,20,Miss,11.40650124578085,6.086098579549972,2.4360985795499728,0.0,204.4989,5.1859349490191855,78.10599999999998,2.2917958751263923,167.7912,
7,1,7,Darkness,1,1,Hit,3.9799367193461697,0.47624424405968896,0.0,0.0,203.9785,5.468540001046548,81.33319999999999,2.081217542613396,159.87470000000002,
7,1,7,Darkness,2,2,Miss,5.232776591829617,4.71631608567534,1.0663160856753402,1.2171000000000012,201.91469999999998,5.711610130985225,79.63879999999999,2.221466346319972,151.6545,
7,1,7,Darkness,3,3,Hit,4.978272524681627,2.943975242052108,0.0,0.0,199.5972,5.4352308779558545,80.52279999999998,2.055348967131427,154.0625,
7,1,7,Darkness,4,4,Miss,5.959461980749597,5.959461980749597,2.3094619807495977,0.0,201.0405,6.09932716172934,80.2606,2.197119783196223,152.71,
7,1,7,Darkness,5,5,Miss,8.277468140077623,5.485234345039426,1.8352343450394262,47.109,197.5092,5.531978998205758,77.91669999999998,2.1377127678305716,151.5417,
7,1,7,Darkness,6,6,Hit,3.7974658773977072,2.1657863375688673,0.0,0.0,202.97119999999998,5.673269325374307,77.06689999999999,2.3090347174562575,154.8327,
7,1,7,Darkness,7,7,Miss,11.684078310247681,5.461092481363053,1.8110924813630538,37.5987,202.5925,5.540570814688551,77.33370000000001,2.314522758680541,159.19830000000002,
7,1,7,Darkness,8,8,Miss,4.9267761964595,4.9267761964595,1.2767761964595001,0.6047000000000002,196.38899999999998,6.012187391226182,77.0253,2.5054093128754307,139.8628,45.85789999999999
7,1,7,Darkness,9,9,Hit,4.126705209970774,2.688399203987391,0.0,1.1691724137931034,198.4025,5.672103292030259,76.89469999999999,2.3880606476629334,144.25830000000002,
7,1,7,Darkness,10,10,Miss,6.183455892136699,5.769635955586795,2.119635955586795,71.66760000000001,195.3617,5.793079427265109,76.0602,2.3785828847467694,141.2739,46.3608
7,1,7,Daylight,1,11,Miss,11.454481318243973,11.454481318243973,7.804481318243973,4.184400000000001,190.703,6.066638395300032,74.6736,2.4554735977996094,142.3054,36.141035202205885
7,1,7,Daylight,2,12,Miss,7.455351658372663,5.4460243352375866,1.796024335237587,0.0,198.1754,5.52679506592269,74.781,2.5528615621171813,152.3095,43.28070000000001
7,1,7,Daylight,3,13,Miss,7.291288070704651,7.291288070704651,3.6412880707046513,0.0,197.5795,6.077951086034574,73.9745,2.404785112971008,146.51510000000002,
7,1,7,Daylight,4,14,Hit,4.719525934879489,1.1115716171259629,0.0,0.0,193.417,5.764113275644553,74.6876,2.569246165757267,141.0747,41.33370000000001
7,1,7,Daylight,5,15,Miss,3.987129456137593,3.987129456137593,0.3371294561375935,3.4417809523809533,191.5415,5.738875935192186,71.9368,2.5565565714655802,138.6806,42.88419999999999
7,1,7,Daylight,6,16,Miss,10.581874409101626,5.52963193711841,1.8796319371184103,45.2959,191.6694,5.546115959989119,72.6309,2.575567863191696,142.5217,40.926000000000016
7,1,7,Daylight,7,17,Miss,9.837526676965101,5.23652744096697,1.5865274409669707,0.0,192.48459999999997,5.2740518033279375,73.8296,2.4379607986440543,147.8722,37.98970000000001
7,1,7,Daylight,8,18,Miss,8.82494694544959,6.832116641275968,3.182116641275969,17.894800000000004,193.63289999999998,5.302762225840462,76.77900000000002,2.4823115191753042,150.5308,44.36710000000001
7,1,7,Daylight,9,19,Hit,2.886873196037542,2.244644662117282,0.0,0.0,195.80079999999998,5.63943894292011,76.15540000000001,2.523540622718271,144.2149,43.71560000000001
7,1,7,Daylight,10,20,Miss,6.415107881399974,6.415107881399974,2.7651078813999748,0.0,189.0742,6.074645130483433,73.572,2.555713095180827,137.4145,38.10549999999999
7,2,8,Darkness,1,1,Miss,14.762462178444357,14.714904877028598,11.0649048770286,0.0,212.0829,5.722969226758477,75.43299999999999,1.2800258572121421,159.4436,
7,2,8,Darkness,2,2,Miss,15.70848982843355,15.70848982843355,12.05848982843355,3.7836000000000007,212.0637,5.819232492409235,80.98349999999999,1.9098533861000624,166.0686,
7,2,8,Darkness,3,3,Miss,14.790255092796746,13.593232174137249,9.94323217413725,9.528399999999998,216.74479999999997,5.53489756943837,76.8243,2.29955835935164,168.865,
7,2,8,Darkness,4,4,Miss,12.413910985261648,12.413910985261648,8.76391098526165,5.6231,223.1208,5.523243625887885,79.6156,0.9517707082321926,169.8277,
7,2,8,Darkness,5,5,Hit,4.005872695181403,1.8518055584272959,0.0,0.0,212.81519999999998,5.266964547798865,78.018,2.1076716135069042,161.9412,
7,2,8,Darkness,6,6,Miss,7.608268189936522,6.959166721670054,3.3091667216700547,3.2161,211.8862,5.485305619075721,77.83459999999997,1.7110262969178576,160.0909,42.692099999999996
7,2,8,Darkness,7,7,Miss,9.422402271183286,9.422402271183286,5.772402271183286,2.5698999999999996,209.14149999999998,5.927784985275524,77.09370000000001,1.9312524610429371,157.70850000000002,36.0012
7,2,8,Darkness,8,8,Miss,13.052207382278292,12.005458031245622,8.355458031245622,8.2344,213.7707,5.4098505205943965,74.1873,2.1791819378946395,160.7969,45.61349999999999
7,2,8,Darkness,9,9,Hit,4.576679851158473,2.6850001571822646,0.0,2.3844000000000003,219.97510000000003,5.678970259002624,79.4085,1.1277921028486506,167.8863,
7,2,8,Darkness,10,10,Hit,4.9664887486029805,1.8811110068254848,0.0,2.819700000000001,214.85669999999996,5.58406250289485,76.61529999999999,1.6936328690326334,159.9414,
7,2,8,Daylight,1,11,Miss,8.920997539513174,8.920997539513174,5.270997539513174,3.5093000000000005,218.3192,5.9559308581266315,76.58890000000001,1.0237485948898506,165.02100000000002,
7,2,8,Daylight,2,12,Miss,12.433221407985952,12.433221407985952,8.783221407985952,1.5606999999999998,219.14630000000002,6.0607885965354615,78.77660000000002,1.1410885497919339,169.8967,
7,2,8,Daylight,3,13,Miss,7.106521295261134,5.9446400866663085,2.294640086666309,2.1836,220.81709999999998,5.543953300175047,75.77759999999999,,164.3262,
7,2,8,Daylight,4,14,Miss,8.35805239634211,8.35805239634211,4.708052396342111,0.0,224.4348,6.088640090034054,78.8208,0.8476244875229291,169.31470000000002,
7,2,8,Daylight,5,15,Miss,11.932020633572513,11.932020633572513,8.282020633572515,0.0,227.07909999999998,6.14764978436698,79.75720000000003,,175.4034,
7,2,8,Daylight,6,16,Miss,11.199377151431232,7.394332052322239,3.74433205232224,2.948900000000001,221.4859,5.690811470225056,75.5517,1.2458835727772384,170.7913,
7,2,8,Daylight,7,17,Hit,5.833369352269753,1.1692382459307178,0.0,0.0,221.96060000000003,5.562079523670185,76.8676,1.2554100469311187,172.2778,
7,2,8,Daylight,8,18,Miss,10.22019006330117,5.29589006305834,1.6458900630583404,33.547900000000006,222.49499999999998,5.540703136244236,76.6056,0.6617473045451172,169.1553,
7,2,8,Daylight,9,19,Hit,3.81502435378859,1.6626616964174705,0.0,0.09490000000000043,220.07039999999998,5.503469052365936,76.8935,1.061095066125397,166.3499,
7,2,8,Daylight,10,20,Hit,3.5707210056233696,1.5997461329848537,0.0,0.0,222.31099999999998,5.60747165331038,77.54100000000001,1.1562852043143754,170.8193,
8,1,9,Darkness,1,1,Miss,10.366629973139762,10.366629973139762,6.716629973139763,0.2708000000000004,219.53150000000002,5.809936904966791,85.02190000000003,0.0,183.79860000000002,39.40320000000001
8,1,9,Darkness,2,2,Miss,10.989018167698148,10.989018167698148,7.339018167698149,0.0,217.1688,5.811314364381666,87.25690000000002,0.0,179.8077,39.43220139372825
8,1,9,Darkness,3,3,Miss,16.47683205382637,16.47683205382637,12.826832053826372,11.4665,215.09810000000002,5.589217260526924,83.69520000000001,0.0,177.32150000000001,42.60112984680403
8,1,9,Darkness,4,4,Miss,4.970804720565864,4.970804720565864,1.3208047205658646,0.0,216.1237,5.180247092411478,84.26180000000001,0.0,179.85490000000001,42.17049999999999
8,1,9,Darkness,5,5,Miss,5.421207155237672,5.421207155237672,1.771207155237673,0.0,213.84150000000002,5.034458828627956,80.2075,1.8693608432104099,178.00240000000002,35.6923
8,1,9,Darkness,6,6,Miss,9.02085659236415,9.02085659236415,5.370856592364151,0.0,218.4335,5.675592962006575,83.54860000000001,1.0616547242144814,179.08950000000002,39.834051899827315
8,1,9,Darkness,7,7,Miss,16.797048094531373,16.797048094531373,13.147048094531375,2.8213,215.06950000000003,5.862800697870781,81.39540000000001,1.2332401975662546,171.7781,38.25
8,1,9,Darkness,8,8,Miss,12.65574347440718,11.944653428207952,8.294653428207951,5.133,213.03900000000002,5.052333529153703,78.3154,1.9241449429575226,179.02960000000002,27.743700000000004
8,1,9,Darkness,9,9,Miss,9.340051298039011,6.165897119641235,2.5158971196412354,32.829100000000004,215.45290000000003,5.217665841289062,75.8696,1.2566294427632145,174.12330000000003,46.185300000000026
8,1,9,Darkness,10,10,Miss,8.978202535585837,8.978202535585837,5.328202535585837,1.705,212.3314,5.663172226259092,81.02370000000003,1.3822483124945029,176.50260000000003,36.77200000000002
8,1,9,Daylight,1,11,Miss,7.67418335199258,5.221332168134872,1.5713321681348722,0.9663000000000013,204.953,5.099114999025012,77.09729999999999,1.611316688119871,168.7459,32.50988961290322
8,1,9,Daylight,2,12,Hit,4.1510046241843686,2.8724942808441862,0.0,0.0,207.54299999999998,5.067364862361431,77.1817,1.9271422375756684,171.35000000000002,
8,1,9,Daylight,3,13,Miss,6.912126845624289,6.162883755191226,2.5128837551912264,1.2769000000000013,213.3507,5.23403167558906,77.39829999999998,2.2902327750018556,177.4581,26.682999999999993
8,1,9,Daylight,4,14,Miss,4.045614229013927,2.904186572863388,0.0,0.0,211.3378,5.125981854650952,74.82240000000002,2.2524430801991495,175.687,
8,1,9,Daylight,5,15,Miss,7.18663384137525,5.900745524084233,2.250745524084233,0.8862000000000005,214.4539,5.080183426942209,75.42269999999999,2.222008978909166,174.0886,30.77174000000001
8,1,9,Daylight,6,16,Hit,4.343509024970473,1.1815714324576316,0.0,0.0,212.73139999999998,5.180805192212506,76.11930000000001,2.178536366286041,178.8296,42.20170000000002
8,1,9,Daylight,7,17,Miss,8.195421912262965,6.758014889743882,3.108014889743883,2.9294000000000002,212.62589999999997,5.735138096495596,74.86959999999999,1.9806433031608872,149.0534,33.87633157894736
8,1,9,Daylight,8,18,Miss,13.56883296418671,8.102718087777717,4.4527180877777175,0.0,209.39329999999998,5.098029403138768,74.9032,1.9907142443338524,164.50060000000002,
8,1,9,Daylight,9,19,Hit,3.7908460770651082,2.709308003900643,0.0,0.0,213.19709999999998,5.13921343083352,77.7953,1.684453248868869,175.77679999999998,
8,1,9,Daylight,10,20,Miss,20.63975690990568,20.63975690990568,16.989756909905683,0.0,214.3397,6.007240180521964,79.5007,2.528826979509456,171.81650000000002,25.682699999999997
8,2,10,Darkness,1,1,Miss,11.688156016241408,11.688156016241408,8.038156016241409,3.1125000000000007,222.1306,5.495806485083996,95.19729999999998,2.2679576957764938,189.3021,39.596300000000014
8,2,10,Darkness,2,2,Miss,7.608365263313797,6.263700789469434,2.6137007894694344,5.433000000000001,230.5318,5.648589743403448,94.07740000000001,2.0175116553682364,191.03269999999998,55.37979999999999
8,2,10,Darkness,3,3,Miss,6.571995594185983,6.122462832880246,2.4724628328802467,2.9736000000000002,228.59949999999998,5.411000437272122,95.73940000000002,1.9502843678291684,187.6748,40.015299999999996
8,2,10,Darkness,4,4,Miss,9.06638957358442,9.06638957358442,5.4163895735844205,0.9817000000000009,228.9637,5.900542744585546,93.43120000000002,2.1395368421046115,190.44529999999997,
8,2,10,Darkness,5,5,Miss,9.530947195845764,9.530947195845764,5.880947195845764,1.5077000000000007,222.664,5.6276598450824595,92.1599,2.111792342182752,187.7149,
8,2,10,Darkness,6,6,Miss,5.695784463969843,5.695784463969843,2.0457844639698433,3.1612999999999998,223.9312,5.482141051279544,89.10329999999999,1.9938800254971187,183.161,39.381299999999996
8,2,10,Darkness,7,7,Miss,13.078849983465664,7.756896292332387,4.1068962923323875,5.1778,226.00779999999997,5.441710583334482,88.76259999999999,2.0302656097151788,186.3191,
8,2,10,Darkness,8,8,Miss,5.825314654162457,5.825314654162457,2.1753146541624577,3.4684,218.07449999999997,5.293001275452818,90.58010000000002,1.925173972048764,182.19799999999998,38.91120000000001
8,2,10,Darkness,9,9,Miss,7.765237548201603,5.546953021254103,1.8969530212541033,3.1381000000000006,222.47209999999998,5.298802216989312,93.2869,1.7911310624694088,189.5312,53.5128
8,2,10,Darkness,10,10,Miss,7.728410724722119,6.1308380405944485,2.480838040594449,0.2060000000000004,223.108,5.310694701679753,94.79169999999999,1.8956363105969247,187.595,56.70139999999998
8,2,10,Daylight,1,11,Miss,9.091582168687673,9.091582168687673,5.441582168687673,3.4156000000000004,219.5325,5.938616220634299,91.65809999999999,1.9872757317317433,178.6898,
8,2,10,Daylight,2,12,Hit,4.917956425183129,1.7142557780022638,0.0,6.3356,205.66429824561405,5.508661119874408,90.58270000000002,1.9432692332437727,162.94480000000001,56.64839999999998
8,2,10,Daylight,3,13,Miss,10.83375118137755,10.83375118137755,7.183751181377551,5.933518421052633,199.3733855263158,6.029714645691332,91.9591,2.049331632027057,154.8081,
8,2,10,Daylight,4,14,Miss,8.183736429040211,8.183736429040211,4.533736429040212,6.7734,211.87879999999998,6.039701276996206,90.9538,2.125593864414028,171.525,
8,2,10,Daylight,5,15,Hit,5.627011883762118,0.47628414841256933,0.0,7.766532061068701,200.82430534351144,5.497183288896772,90.63220000000001,2.0798887549603324,158.7557,58.655
8,2,10,Daylight,6,16,Miss,5.031461845229472,5.031461845229472,1.381461845229473,13.4896,203.2764824742268,5.415596985203648,89.721,2.12100979369206,163.1791,
8,2,10,Daylight,7,17,Miss,8.218944842861521,5.234299642741152,1.5842996427411524,24.980500000000003,218.28990000000002,5.379919151092467,88.3725,1.0623265341484345,180.9719,53.98830000000001
8,2,10,Daylight,8,18,Hit,3.0942275433458315,1.1766090850958821,0.0,7.2877,219.71509999999998,5.49515311350325,88.63989999999998,2.102835591859985,174.5766,57.79159999999999
8,2,10,Daylight,9,19,Hit,4.101827387884574,2.1898663659065605,0.0,5.1857000000000015,197.88631655172415,5.384372750997003,91.46869999999998,2.070347858489866,158.2978,
8,2,10,Daylight,10,20,Miss,14.587520899727963,5.970426828125466,2.3204268281254663,4.261833050847458,205.9675118644068,5.509780272444346,87.09729999999999,2.1196916396884165,160.6867,59.891400000000004
9,1,11,Darkness,1,1,Miss,4.450885063669935,4.450885063669935,0.8008850636699352,9.617899999999999,196.7854,5.601464167459495,88.81439999999999,,140.74259999999998,53.3454
9,1,11,Darkness,2,2,Miss,7.050329638392796,7.050329638392796,3.4003296383927966,0.0,196.352,5.7672529797834615,91.4663,,143.8854,54.431799999999996
9,1,11,Darkness,3,3,Miss,7.775847419413521,6.561509200633646,2.9115092006336463,2.4705000000000004,189.3755,5.638688087548531,89.6262,0.0,135.69819999999999,58.34580000000001
9,1,11,Darkness,4,4,Miss,10.984299109183072,7.51748348917375,3.8674834891737504,48.050799999999995,195.2021,5.557701862065497,85.39040000000001,2.069947487270985,146.1634,
9,1,11,Darkness,5,5,Miss,9.149038771368286,9.149038771368286,5.499038771368286,3.9524,198.0621,5.626983025194638,90.09930000000001,2.047142745842483,150.8881,54.62179999999999
9,1,11,Darkness,6,6,Miss,10.19460547789859,8.798284021898818,5.148284021898818,4.905,194.94429999999997,5.5829850975522355,88.7452,1.974933217364667,147.0833,53.453199999999995
9,1,11,Darkness,7,7,Miss,14.437446487173553,14.437446487173553,10.787446487173554,0.0,195.249,6.167445969759508,88.56749999999998,2.114120225567228,140.8801,51.12149999999998
9,1,11,Darkness,8,8,Miss,9.049817429097669,6.435222390096546,2.7852223900965463,0.0,198.7968,5.252208985925393,90.0337,2.000012117977903,151.7645,48.51790000000001
9,1,11,Darkness,9,9,Miss,6.681873277756773,6.143599356240606,2.4935993562406065,5.160000000000001,198.3301,5.054174159383488,94.26879999999998,1.831489257899573,160.5112,63.5467
9,1,11,Darkness,10,10,Miss,9.468965098150912,9.468965098150912,5.818965098150913,2.9265,200.25539999999998,5.375577434222525,91.81869999999999,2.0211408835991898,154.9639,58.248599999999996
9,1,11,Daylight,1,11,Miss,10.67372741313922,10.67372741313922,7.023727413139221,0.0,196.7854,5.873565733107175,91.94109999999998,2.0388820216480745,147.1696,
9,1,11,Daylight,2,12,Miss,21.17843274796317,21.17843274796317,17.528432747963173,0.0,192.6267,6.087115174140758,89.107,2.120237340010776,142.8112,
9,1,11,Daylight,3,13,Miss,9.101460570150257,9.101460570150257,5.451460570150258,3.5608000000000013,200.0855,5.419116993129485,90.39150000000001,2.0120533578835182,151.3831,54.28030000000001
9,1,11,Daylight,4,14,Hit,4.275065626396873,0.7777341854030267,0.0,0.0,201.20700000000002,5.115153551593454,89.75110000000001,1.9616049535505757,160.83560000000003,
9,1,11,Daylight,5,15,Hit,5.289058345301188,1.7331172261098482,0.0,0.0,197.3511,5.115345532625018,88.19200000000001,1.9448372271837326,152.35010000000003,
9,1,11,Daylight,6,16,Miss,7.6898726192311,5.460343844484529,1.81034384448453,0.0,197.3262,5.125535266710793,86.11619999999999,2.0313186867252693,147.81730000000002,53.795500000000004
9,1,11,Daylight,7,17,Miss,9.183032881352442,5.376838510686376,1.7268385106863766,0.8648000000000016,192.6722,5.075035752592524,90.20339999999999,1.9810537755646846,156.15130000000002,53.765740260766506
9,1,11,Daylight,8,18,Miss,9.281984211363447,6.180731488262545,2.5307314882625453,5.6717,197.11450000000002,5.118521570655497,86.92179999999999,1.9834374657014302,156.8925,58.137
9,1,11,Daylight,9,19,Miss,13.3887249377975,8.237817155654769,4.587817155654769,0.04560000000000075,197.59150000000002,5.13062341523401,88.4606,2.000645571266699,155.12890000000002,55.81209999999999
9,1,11,Daylight,10,20,Miss,9.767748894192554,9.767748894192554,6.117748894192554,0.0,201.0269,5.620844337820367,92.3161,2.1522589873181293,159.86190000000002,53.52219999999997
9,2,12,Darkness,1,1,Miss,7.2037461997213645,7.2037461997213645,3.553746199721365,2.264500000000001,222.7261,5.411682575386976,82.1597,2.3901866323227328,182.77980000000002,
9,2,12,Darkness,2,2,Miss,9.410715545058197,8.874064378288,5.224064378288001,5.2147,220.8873,5.451935878283848,79.42120000000001,2.476065926394849,180.157,
9,2,12,Darkness,3,3,Miss,12.03597035764047,10.357047935101972,6.707047935101973,6.434900000000002,216.45770000000002,5.433059781054265,73.3181,2.567441394173767,171.8132,
9,2,12,Darkness,4,4,Miss,10.531133297038837,10.434170891354997,6.784170891354997,6.567100000000001,218.7144,5.559092477617159,77.80390000000001,2.5729301872806123,176.3833,
9,2,12,Darkness,5,5,Miss,6.379675987853936,6.253124763668161,2.603124763668162,4.444000000000002,213.8588,5.181105425503052,74.83650000000002,2.61061833502585,174.1592,
9,2,12,Darkness,6,6,Miss,10.242954989162067,10.088426248925051,6.438426248925052,6.286900000000002,217.93370000000002,5.564905873750997,72.95150000000002,2.7588622854675044,169.438,
9,2,12,Darkness,7,7,Miss,10.78125996115482,10.78125996115482,7.131259961154821,5.718099999999999,223.65949999999998,5.490840298122061,73.01550000000002,2.9043086900670794,174.688,
9,2,12,Darkness,8,8,Miss,8.388107875438896,8.388107875438896,4.738107875438897,2.951100000000001,215.6432,5.407345844100728,72.23289999999999,2.808820399222981,170.8612,
9,2,12,Darkness,9,9,Miss,11.558502528009402,11.558502528009402,7.908502528009403,0.0,215.2184,5.959545067979486,73.58320000000002,2.7003007907557888,166.4144,
9,2,12,Darkness,10,10,Miss,8.804545154066737,6.8168437777317425,3.166843777731743,2.995300000000001,213.7974,5.198943933504575,70.38280000000002,2.716099059090899,172.3865,
9,2,12,Daylight,1,11,Miss,5.209334584186349,5.209334584186349,1.5593345841863497,0.7180000000000009,214.9535,5.137164473509343,77.88220000000001,2.659602925290148,170.128,
9,2,12,Daylight,2,12,Miss,6.97125925855581,6.97125925855581,3.321259258555811,1.198100000000001,213.9949,5.722221759988278,75.48769999999999,2.6814959060259564,167.52589999999998,
9,2,12,Daylight,3,13,Miss,6.287227728498468,5.86854331073734,2.2185433107373402,21.930300000000003,213.1931,5.106216727371454,71.0121,2.734698809451748,168.9649,
9,2,12,Daylight,4,14,Miss,10.059361118878275,5.124501045955592,1.4745010459555923,24.7472,204.881,4.9752580610722665,71.77879999999999,2.642522362032633,164.1757,
9,2,12,Daylight,5,15,Miss,12.592606985449844,12.592606985449844,8.942606985449846,5.795600000000003,208.0616,5.193302461962802,76.4573,2.7868633263606237,167.3892,
9,2,12,Daylight,6,16,Miss,9.682307791533995,4.9598703702818625,1.309870370281863,25.511800000000004,210.6691,5.13280951568596,72.9058,2.6103044578200696,168.74489999999997,
9,2,12,Daylight,7,17,Miss,10.339604457134708,8.319975149602314,4.6699751496023145,4.479000000000002,208.9451,5.1837443314055704,73.0325,2.678965148368265,170.4402,
9,2,12,Daylight,8,18,Hit,3.800920037306761,0.4835858868908457,0.0,0.0,207.1171,4.8955050601572205,72.6044,2.715927290426256,166.6033,
9,2,12,Daylight,9,19,Miss,6.618828062429176,5.688105256585884,2.038105256585885,29.116799999999998,207.81519999999998,4.895339252786501,71.637,2.626632623303122,166.44129999999998,
9,2,12,Daylight,10,20,Hit,3.913400319415323,3.022121008497179,0.0,0.0,208.48549999999997,4.966721220305455,76.2484,2.6367469408738873,166.2844,
10,1,13,Darkness,1,1,Miss,4.681342534999969,4.092757443338146,0.4427574433381469,0.0,201.0561,5.312318935008327,76.13489999999999,2.0934529469388097,152.9223,
10,1,13,Darkness,2,2,Miss,13.869604531132099,13.676835424907326,10.026835424907325,10.049800000000001,200.5812,5.362307511435027,80.18279999999999,2.068064888176079,159.8075,
10,1,13,Darkness,3,3,Miss,14.972695009583278,14.327072702056066,10.677072702056066,4.888700000000001,195.73510000000002,5.096952066786582,82.03569999999999,1.9418653241636636,159.54260000000002,
10,1,13,Darkness,4,4,Miss,21.32495228294778,21.32495228294778,17.674952282947782,5.260700000000001,194.00070000000002,4.62873297572395,77.4469,1.5604579167633164,165.0586,
10,1,13,Darkness,5,5,Miss,12.627119398342595,11.550705244702593,7.900705244702594,12.2391,202.26930000000002,4.967123133399999,79.36599999999999,1.7907114260977735,165.2886,
10,1,13,Darkness,6,6,Miss,25.588550531243456,25.588550531243456,21.938550531243457,0.0,199.25340000000003,4.547569681356798,83.54059999999998,2.0226276695044043,171.7233,
10,1,13,Darkness,7,7,Miss,12.176210427715173,12.176210427715173,8.526210427715174,7.014599999999999,202.99280000000002,5.344051843064054,78.184,2.0402294256705384,156.64180000000002,
10,1,13,Darkness,8,8,Miss,16.657329130746014,16.657329130746014,13.007329130746015,6.2754,201.13150000000002,5.406755587142214,82.42939999999999,1.9492863012608663,156.0397,
10,1,13,Darkness,9,9,Miss,25.382465147814145,25.382465147814145,21.732465147814146,3.566299999999999,196.2254,5.7364653505470615,79.09219999999999,2.1903012540549147,149.71110000000002,
10,1,13,Darkness,10,10,Miss,16.836652632278184,16.64253788729351,12.992537887293512,12.957799999999999,193.6132,5.276571939561433,77.6463,1.7746956490621515,151.2269,
10,1,13,Daylight,1,11,Miss,14.948486722407726,14.791261470544017,11.141261470544016,3.4874,199.45129999999997,5.667064804823238,76.23219999999999,1.9503456994758182,150.6622,
10,1,13,Daylight,2,12,Miss,12.905058705406969,11.008737644253314,7.358737644253314,7.164499999999999,196.333,5.266763573134279,77.24600000000002,1.9712888434294547,152.68930000000003,
10,1,13,Daylight,3,13,Miss,4.216494119526305,1.0501318488647025,0.0,0.0,195.05710000000002,5.146691014248919,76.7744,1.9807174498350941,151.8788,
10,1,13,Daylight,4,14,Miss,7.594126752958503,7.1630220382182275,3.513022038218228,3.4028,196.203,5.483366003704378,75.6426,2.121382907169135,148.76620000000003,
10,1,13,Daylight,5,15,Miss,10.526475784895908,10.439785370399143,6.7897853703991435,6.0493,196.00650000000002,5.330567146625255,75.36750000000002,1.9540735439212633,152.74970000000002,
10,1,13,Daylight,6,16,Miss,21.75685629910721,6.143739865912287,2.4937398659122874,0.0,194.958,5.1190019666947615,75.8924,2.2453600224992867,157.9619,
10,1,13,Daylight,7,17,Miss,8.690781995885066,8.001776518373907,4.351776518373907,10.071200000000001,194.4068,5.18113541236813,75.20729999999999,1.9348275615455366,155.57330000000002,
10,1,13,Daylight,8,18,Miss,34.60636991552277,34.60636991552277,30.95636991552277,9.248899999999999,199.7016,6.015624186380652,80.45549999999999,2.2540962331040943,156.60150000000002,
10,1,13,Daylight,9,19,Miss,17.241526016568262,17.241526016568262,13.591526016568263,6.4408,198.16300000000004,4.9451009058706346,81.03780000000002,2.002825784774072,163.48180000000002,
10,1,13,Daylight,10,20,Miss,8.654893753825057,8.654893753825057,5.0048937538250575,0.0,203.7637,5.588416313887049,79.67479999999999,1.999241882200564,156.03650000000002,
10,2,14,Darkness,1,1,Miss,7.466667916815368,7.466667916815368,3.8166679168153683,0.0,204.11459999999997,5.1140922186390085,70.10910000000001,2.3371343508508216,165.3528,22.955699999999993
10,2,14,Darkness,2,2,Miss,15.38157990097246,15.38157990097246,11.73157990097246,0.0,207.69849999999997,5.525943651209129,73.52940000000001,2.6852923027517313,168.2286,21.941100000000006
10,2,14,Darkness,3,3,Miss,14.92090964050114,14.663717303944454,11.013717303944453,10.9787,199.40989999999996,4.751460403541538,69.4279,2.8349871576947048,166.6164,21.91515485477177
10,2,14,Darkness,4,4,Miss,9.649830300062275,7.288179504512771,3.638179504512771,2.580300000000002,198.9178,4.685893246623303,62.25399999999999,2.572216166649876,163.4467,18.326266735112924
10,2,14,Darkness,5,5,Miss,7.2298723294398455,5.795889928216373,2.1458899282163735,4.1642,198.6477,4.396821678731955,58.484200000000016,3.0113099382390573,162.1847,16.260999999999996
10,2,14,Darkness,6,6,Miss,9.275499384399732,9.275499384399732,5.625499384399732,0.0,202.13309999999998,5.146356307679644,66.4922,2.9024770731367315,161.2596,19.14009999999999
10,2,14,Darkness,7,7,Miss,14.055889787914536,14.055889787914536,10.405889787914536,0.0,203.22979999999998,5.2729167574351115,68.20930000000001,2.8547471159550186,166.9452,21.033445222929927
10,2,14,Darkness,8,8,Miss,10.13637816332836,10.104305680748181,6.454305680748182,0.0,203.42049999999998,4.667447369097088,67.5358,3.058924452158101,167.63799999999998,19.637099999999975
10,2,14,Darkness,9,9,Miss,7.643464179284159,6.084097888758859,2.43409788875886,0.0,200.58589999999995,4.3883185384537,65.255,2.9977607501232586,165.5598,19.23190000000001
10,2,14,Darkness,10,10,Miss,8.152863717737466,8.152863717737466,4.502863717737466,1.3590000000000009,206.91639999999998,5.118761585506529,64.46079999999998,3.188034053694798,164.7446,18.271799999999985
10,2,14,Daylight,1,11,Miss,23.40681583300044,23.40681583300044,19.75681583300044,7.622000000000001,204.41809999999998,5.580362289848898,63.37779999999999,3.164769929643571,156.7006,19.754960655737705
10,2,14,Daylight,2,12,Miss,12.459706720464961,12.459706720464961,8.809706720464963,0.0,202.8693,4.8340712958203245,73.50349999999999,3.130934406618718,156.6456,19.98320000000001
10,2,14,Daylight,3,13,Miss,12.165028916118517,12.165028916118517,8.515028916118517,0.0,201.6153,4.932429437527262,69.61119999999998,3.17354932924568,164.36290000000002,17.547799999999995
10,2,14,Daylight,4,14,Miss,31.31222033104648,31.31222033104648,27.66222033104648,0.0,207.248,4.95522083129348,75.86699999999998,3.2765129046680075,129.7681,18.54499948717948
10,2,14,Daylight,5,15,Miss,7.898833367656268,7.898833367656268,4.248833367656268,0.0,199.47119999999998,4.646101838925103,65.0229,3.0998940631588443,164.0431,18.194000000000003
10,2,14,Daylight,6,16,Miss,9.147691477635213,9.147691477635213,5.497691477635214,0.16240000000000077,204.39409999999998,5.037164857531599,65.95469999999999,3.096086566991161,169.1525,18.06819999999999
10,2,14,Daylight,7,17,Hit,4.472827072445361,1.7479782621401678,0.0,0.0,206.81789999999998,4.511928855694337,67.78009999999999,3.0300173807140687,174.0328,22.852800000000016
10,2,14,Daylight,8,18,Miss,11.896588809402472,11.896588809402472,8.246588809402471,5.280600000000001,205.5914,4.750565813946824,65.42800000000001,3.1169137689927133,164.3285,20.23360000000001
10,2,14,Daylight,9,19,Miss,13.306856702091606,13.306856702091606,9.656856702091606,0.0,202.45329999999998,5.199571109936381,67.5192,3.193765847048735,165.8948,20.04849999999999
10,2,14,Daylight,10,20,Miss,10.766057981452645,10.766057981452645,7.116057981452646,0.0,206.98600000000002,4.947920743750696,70.52820000000001,3.2033836957399124,165.299,20.85839999999999
11,1,15,Darkness,1,1,Miss,6.033672999923011,5.6794524577638725,2.029452457763873,16.824600000000004,218.31279999999998,4.840371383688279,83.3569,,180.1073,
11,1,15,Darkness,2,2,Miss,16.6981294161951,16.6981294161951,13.048129416195103,10.9725,218.1659,5.304799380095213,84.99120000000002,,177.4891,48.489599999999996
11,1,15,Darkness,3,3,Miss,10.220083426763212,5.753852419031969,2.10385241903197,0.0,212.13539999999998,4.802712070729183,78.05170000000001,0.0,178.0971,
11,1,15,Darkness,4,4,Miss,9.60451977664681,5.425298639706379,1.7752986397063797,0.0,224.65759999999997,4.941480534604871,75.96079999999998,0.3580727792519182,187.9325,29.036799999999985
11,1,15,Darkness,5,5,Miss,11.313560383893304,11.10537155974531,7.45537155974531,7.4097,224.84519999999998,5.266971222204435,73.4496,0.0,178.62599999999998,
11,1,15,Darkness,6,6,Miss,8.13719898552321,5.923697444164414,2.273697444164415,2.142100000000001,216.01469999999998,5.044811938588763,78.9967,1.3062719947024504,175.265,46.8604
11,1,15,Darkness,7,7,Miss,13.302749792430134,10.662039310094483,7.012039310094484,0.0,224.32019999999997,5.029898475360921,77.31259999999997,,182.9663,44.90140000000001
11,1,15,Darkness,8,8,Miss,7.974187490271337,6.10141212261555,2.451412122615551,2.215700000000001,225.39229999999998,5.098495168891701,75.6549,0.0,181.7456,45.90309999999997
11,1,15,Darkness,9,9,Hit,2.6061823075141994,1.045180855272233,0.0,0.0,226.4975,4.925937666941094,81.2558,,185.4155,44.86699999999999
11,1,15,Darkness,10,10,Miss,8.792852262491394,8.574479289729496,4.924479289729496,4.724500000000002,224.6549,5.280327131836205,78.9649,1.3485548625453154,184.08280000000002,
11,1,15,Daylight,1,11,Miss,16.075049367886873,14.023166948303798,10.373166948303798,0.0,219.25289999999998,4.925774997710476,76.33800000000002,0.8344449990196873,178.51460000000003,45.638999999999996
11,1,15,Daylight,2,12,Miss,14.161394474415282,11.37169259785015,7.72169259785015,7.3615,217.2156,4.913656516809197,78.7141,0.44775052074773086,180.14960000000002,52.042100000000005
11,1,15,Daylight,3,13,Miss,14.383113036474416,5.094239375019595,1.4442393750195954,0.0,217.00039999999998,4.824592919219118,75.4708,1.1174487330053449,179.03500000000003,48.5222
11,1,15,Daylight,4,14,Hit,4.071961907975077,2.1710106322659435,0.0,0.0,221.3441,4.9905047658127755,74.15630000000002,1.1139191682184784,175.4327,50.437100000000015
11,1,15,Daylight,5,15,Miss,11.811776600494941,11.811776600494941,8.161776600494942,4.3617,219.8987,5.054996293754474,75.60759999999999,1.1557336981016326,175.9712,54.592100000000016
11,1,15,Daylight,6,16,Miss,21.96825326920645,21.96825326920645,18.31825326920645,6.951199999999999,215.4803,5.735787726630896,76.45979999999997,2.054007966735655,169.2228,
11,1,15,Daylight,7,17,Miss,9.844903671443408,6.977916550088553,3.3279165500885535,0.0,220.17120000000003,4.917346833331478,76.82299999999998,,182.364,43.65849999999999
11,1,15,Daylight,8,18,Miss,17.462841841178097,5.624460654142763,1.9744606541427636,0.0,219.94050000000001,4.845092084260525,78.2456,,184.6391,
11,1,15,Daylight,9,19,Miss,8.109490399525729,7.295546736879971,3.6455467368799717,3.5537,222.03779999999998,5.179560697807927,76.17730000000003,,179.149,
11,1,15,Daylight,10,20,Miss,8.329279657929614,5.27767411081814,1.6276741108181403,1.071600000000001,221.8392,5.035935536427678,74.90549999999999,1.1177518477516444,179.70100000000002,34.883399999999995
11,2,16,Darkness,1,1,Miss,11.589380485168316,9.161717213492237,5.511717213492237,2.4625000000000012,211.15240000000003,5.526874065761896,100.03790000000001,1.1695764977678285,172.82510000000002,
11,2,16,Darkness,2,2,Miss,4.741069682044344,3.545926486829635,0.0,2.5971,208.5758,5.313872650226741,103.88060000000002,1.8495462684827602,174.7364,
11,2,16,Darkness,3,3,Miss,9.218323930628618,9.218323930628618,5.568323930628618,0.47550000000000026,203.624,5.721656245335239,103.3314,1.6994772053284088,166.11610000000002,
11,2,16,Darkness,4,4,Miss,5.446036233812619,5.446036233812619,1.79603623381262,1.8363000000000005,211.355,5.33224331095388,104.67350000000002,1.7317902522754336,176.366,55.48672713754647
11,2,16,Darkness,5,5,Miss,17.800323776830577,17.800323776830577,14.150323776830579,3.6409000000000002,208.44219999999999,6.180056931906641,102.66420000000002,1.7478165672926615,167.03340000000003,
11,2,16,Darkness,6,6,Miss,10.323445023343714,10.323445023343714,6.673445023343715,0.8007,211.00199999999998,5.866129964570252,105.22390000000001,1.6979265579548726,175.71730000000002,
11,2,16,Darkness,7,7,Miss,9.902932653007387,6.9196160420936526,3.269616042093653,0.5662000000000003,211.3557,5.395840418004132,105.46620000000001,0.8173323343789789,179.2595,
11,2,16,Darkness,8,8,Miss,10.988588219603109,10.988588219603109,7.33858821960311,3.5902000000000003,207.84900000000002,5.159367994361393,103.78289999999998,1.5316780039300304,179.54880000000003,56.131200000000035
11,2,16,Darkness,9,9,Miss,6.89282897292541,6.89282897292541,3.2428289729254107,1.400100000000001,215.04850000000002,5.507810459834522,107.68,1.6053348392486684,179.8143,
11,2,16,Darkness,10,10,Miss,12.091292432986638,12.091292432986638,8.44129243298664,0.0,219.7349,6.018163796354457,107.1482,2.008958642125539,181.93150000000003,62.43360000000001
11,2,16,Daylight,1,11,Miss,7.39466494372801,5.787565018209305,2.1375650182093056,17.556800000000006,208.5748,5.2686214134062155,104.07659999999998,1.7146163547097801,174.6673,
11,2,16,Daylight,2,12,Miss,12.951633090463904,12.951633090463904,9.301633090463906,0.7425000000000006,218.344,5.876967373746903,109.5692,1.8135158630932684,181.7561,50.52079999999998
11,2,16,Daylight,3,13,Miss,9.297991190574441,6.167401970035695,2.5174019700356958,0.010900000000000798,217.2818,5.333147180311778,103.0212,1.7391729583047018,185.89100000000002,49.91319999999999
11,2,16,Daylight,4,14,Miss,15.162279173659883,9.58748534340472,5.937485343404721,0.0,216.37409999999997,5.48102202724383,98.2475,1.7907848672437114,179.5378,
11,2,16,Daylight,5,15,Hit,3.231339367816385,2.121134533687096,0.0,0.0,216.6919,5.3136440592844085,104.63539999999998,1.8989468266838196,182.85490000000001,
11,2,16,Daylight,6,16,Miss,8.999347570796449,6.352762702163539,2.7027627021635396,0.0,219.4832,5.3732461284881,102.9126,1.5164834517588828,186.222,
11,2,16,Daylight,7,17,Miss,7.461523449001542,7.461523449001542,3.811523449001543,2.9395,208.6019,5.691921066056696,104.92469999999997,1.92657705884065,174.33480000000003,67.5015
11,2,16,Daylight,8,18,Hit,5.063885263313135,3.0031983700714564,0.0,1.2628213759213773,213.09439999999998,5.257364580266064,105.42079999999999,1.6222459912250253,180.04540000000003,
11,2,16,Daylight,9,19,Miss,11.672381118692103,11.672381118692103,8.022381118692103,5.629900000000002,210.65620000000004,5.619461975640518,104.04599999999999,1.5718945423261275,175.3479,49.9434
11,2,16,Daylight,10,20,Miss,11.999598665372105,4.76824032636779,1.1182403263677907,6.937600000000001,216.3257,5.314740568397652,106.69309999999999,1.730815394416786,184.3696,53.615099999999984
12,1,17,Darkness,1,1,Miss,5.957162729017911,5.957162729017911,2.3071627290179118,4.2099,198.71669999999997,5.5025724062860455,77.63270000000001,2.1657199573453076,147.16719999999998,35.531009168443504
12,1,17,Darkness,2,2,Miss,5.588762041812132,5.588762041812132,1.938762041812133,0.0,203.2942,5.3218597603284366,79.9603,2.045085057687392,142.5617,46.199
12,1,17,Darkness,3,3,Hit,4.210835354178549,1.7707195679801921,0.0,0.0,203.6711,5.135627841286798,81.65450000000003,2.035908382059009,158.1934,35.1144
12,1,17,Darkness,4,4,Miss,10.496877454271827,10.496877454271827,6.846877454271827,2.1572000000000013,207.6928,5.8258792621946744,81.94360000000002,2.130742178562821,161.2099,40.7562081081081
12,1,17,Darkness,5,5,Hit,4.4314082197423454,0.7538768983787288,0.0,0.0,209.7353,5.529595223593954,78.8234,1.8107227911097616,161.5514,37.8035
12,1,17,Darkness,6,6,Miss,13.917032532116917,13.917032532116917,10.267032532116918,0.9449000000000005,208.2524,6.0821106912854495,78.94940000000001,1.9732218950193308,156.942,34.08970000000001
12,1,17,Darkness,7,7,Miss,6.051935556497609,6.051935556497609,2.4019355564976097,0.9066999999999998,209.6173,5.4702399281994305,77.09939999999999,2.048999993834438,160.1941,35.98553867924528
12,1,17,Darkness,8,8,Miss,12.688062941599886,12.688062941599886,9.038062941599886,1.4145000000000012,206.0998,6.061769479389843,77.6641,2.2203452139997197,160.14849999999998,34.184000000000026
12,1,17,Darkness,9,9,Miss,11.530886877859828,11.530886877859828,7.880886877859829,0.0,205.39759999999998,6.0875749693730326,77.2624,2.0374761048391634,154.5523,31.4884
12,1,17,Darkness,10,10,Miss,11.222137905942875,6.572578961868768,2.9225789618687683,1.3082000000000003,207.11229999999998,5.206311691097551,77.05220000000001,2.0548455155137106,164.334,30.582399999999993
12,1,17,Daylight,1,11,Miss,13.970838898219395,7.948251159846438,4.298251159846439,0.0,206.8252,5.209609221486436,76.52040000000001,2.2108081946482763,161.1462,32.256722807017525
12,1,17,Daylight,2,12,Miss,16.27225854667998,16.27225854667998,12.62225854667998,7.229200000000001,209.3244,6.3348876970071055,75.92109999999998,2.2777111323738546,152.22230000000002,31.516599999999983
12,1,17,Daylight,3,13,Miss,8.081452280995036,8.081452280995036,4.431452280995036,3.0437000000000003,203.07539999999997,5.435582017338901,75.64369999999998,2.399672542792298,156.4251,31.765443207855952
12,1,17,Daylight,4,14,Miss,9.76052154036862,9.76052154036862,6.11052154036862,0.041100000000000136,206.7879,5.788391654009349,78.04779999999998,2.2977096933824863,159.2117,32.9892
12,1,17,Daylight,5,15,Miss,7.638474447820052,7.638474447820052,3.9884744478200522,0.0,206.17239999999998,5.6152147956044836,80.1724,2.231411874986619,158.3196,30.606699999999975
12,1,17,Daylight,6,16,Miss,8.01160276411654,8.01160276411654,4.361602764116541,0.0,209.24050000000003,5.853959389750107,77.2837,2.2921268505192582,160.3989,30.35329999999999
12,1,17,Daylight,7,17,Miss,13.677058401205999,13.677058401205999,10.027058401205998,1.1296000000000008,203.57899999999998,5.869225108887425,79.28439999999999,2.1094867744944477,157.6019,32.18950000000001
12,1,17,Daylight,8,18,Hit,4.894249900648712,2.402236116983832,0.0,0.0,203.8142,5.139946953171156,78.51969999999999,2.0962937399659314,156.47830000000002,31.92149999999998
12,1,17,Daylight,9,19,Miss,8.55413803781538,8.55413803781538,4.90413803781538,0.8960000000000008,204.55029999999996,5.7779298601689995,78.9301,2.2570746810803723,155.0458,31.538500000000013
12,1,17,Daylight,10,20,Hit,4.00397975769108,2.732007068072854,0.0,0.0,206.14389999999997,5.2103656281605675,75.9467,2.2368109959314877,158.16,31.844399999999993
12,2,18,Darkness,1,1,Miss,10.350355998225373,8.084651337565523,4.434651337565524,3.8312,207.9959,5.148399838100991,73.5054,2.285828168796833,161.7557,
12,2,18,Darkness,2,2,Miss,6.746623336899727,6.230945951458733,2.580945951458734,3.2577000000000007,203.84849999999997,4.87653675012429,71.55030000000001,2.1970102673646545,166.1445,
12,2,18,Darkness,3,3,Hit,3.709245412479479,1.8218455436610865,0.0,0.0,214.342,4.99416581505248,77.9122,2.240481600002335,170.7514,42.57969999999999
12,2,18,Darkness,4,4,Hit,3.5605161690406737,2.606991096596563,0.0,0.0,210.636,5.021235474087574,73.74119999999998,0.0,165.6231,39.2911
12,2,18,Darkness,5,5,Miss,17.0358094404111,5.337681571618895,1.6876815716188958,13.6358,213.2405,5.0288621294580516,75.65319999999998,2.20450914475622,173.77859999999998,38.728999999999985
12,2,18,Darkness,6,6,Miss,10.74485458766194,10.74485458766194,7.094854587661941,0.383,210.93859999999998,4.741789676060925,72.7788,2.334196540644762,171.7999,45.78830000000001
12,2,18,Darkness,7,7,Miss,8.667272035652276,5.895650688431258,2.245650688431258,0.0,213.441,4.84266178380011,76.73369999999998,2.5164100256453263,174.13479999999998,44.083200000000005
12,2,18,Darkness,8,8,Hit,3.2550392025289034,2.5518481971364193,0.0,0.0,208.92159999999998,4.93431611882353,74.08200000000001,2.52943308963118,165.18579999999997,
12,2,18,Darkness,9,9,Miss,7.961784366585161,7.961784366585161,4.311784366585162,2.2789,207.60060000000001,5.120624946202068,75.6828,2.584318200557251,168.7839,34.092599999999976
12,2,18,Darkness,10,10,Miss,7.426555527968537,7.426555527968537,3.7765555279685374,0.0,207.4295,5.312858702352667,77.72250000000001,2.486069095654352,166.46710000000002,
12,2,18,Daylight,1,11,Miss,11.356598822270682,11.356598822270682,7.706598822270682,4.441200000000001,208.0113,5.143392059630363,70.34089999999999,2.6644227164138425,155.45000000000002,26.470700000000008
12,2,18,Daylight,2,12,Miss,5.708712307517347,5.708712307517347,2.0587123075173475,8.3219,208.273,4.9068595431302375,72.0434,2.5852383070988947,165.8179,29.030600000000007
12,2,18,Daylight,3,13,Miss,5.403419492321516,5.403419492321516,1.753419492321517,0.0,203.57399999999998,4.803186207433776,69.94529999999999,2.525710063645658,160.9383,27.51530000000001
12,2,18,Daylight,4,14,Miss,3.4769147904428106,3.4769147904428106,0.0,0.713000000000001,209.76979999999998,4.773681230276685,72.79860000000001,2.539373623910559,169.9572,28.93510000000002
12,2,18,Daylight,5,15,Miss,9.81320795764566,7.188999322576128,3.538999322576129,2.789500000000001,208.6813,5.06787529933148,71.78640000000003,2.551581851481127,167.47310000000002,27.603400000000022
12,2,18,Daylight,6,16,Miss,7.320056874779045,7.320056874779045,3.6700568747790454,0.0,208.74980000000002,5.416905090798657,71.89549999999998,2.5377876649716153,165.3163,27.48769999999999
12,2,18,Daylight,7,17,Miss,10.271005075453914,6.2028535610636535,2.552853561063654,0.0,213.29010000000002,4.858922413748024,72.80160000000002,2.6244260595358457,171.0628,26.456500000000005
12,2,18,Daylight,8,18,Miss,9.386498049858647,9.386498049858647,5.736498049858647,0.0,216.84220000000002,5.687452859356178,74.0717,2.602392029064833,167.0953,
12,2,18,Daylight,9,19,Miss,11.265402410477847,6.191293687913707,2.541293687913708,24.768500000000003,200.57680000000002,4.74597054056269,64.04100000000001,2.654095071366248,149.1876,20.610799999999998
12,2,18,Daylight,10,20,Miss,9.756822541175987,9.756822541175987,6.106822541175988,0.0,212.1694,5.552512418954259,74.54539999999999,2.6503537280236547,164.50140000000002,29.790400000000005
13,1,19,Darkness,1,1,Miss,7.0746363001924015,7.0746363001924015,3.424636300192402,0.0,209.77349999999998,5.297848518323029,86.9863,0.60334640031583,170.64229999999998,35.32353706476974
13,1,19,Darkness,2,2,Miss,8.90946217624835,6.405755375441675,2.7557553754416757,0.0,205.8099,5.184171472551769,90.0984,1.384095630500876,169.68009999999998,44.48770477312907
13,1,19,Darkness,3,3,Miss,8.150447557649834,8.150447557649834,4.500447557649834,0.0,209.1757,5.931857183945405,92.73820000000003,0.8074466270524168,165.77640000000002,36.62216333333333
13,1,19,Darkness,4,4,Miss,13.353433157806283,13.353433157806283,9.703433157806284,0.1695000000000002,209.90959999999998,5.921948045298548,94.12830000000002,0.6423798239350799,170.7431,38.30930000000002
13,1,19,Darkness,5,5,Miss,8.187654337476648,6.050639373653003,2.4006393736530036,0.0,211.8142,5.409186676211609,90.8469,0.0,173.50189999999998,43.93570000000001
13,1,19,Darkness,6,6,Miss,10.636333385617437,9.254526644837108,5.604526644837109,0.0,211.7426,5.410626727160275,92.904,0.0,172.7533,35.532069296741
13,1,19,Darkness,7,7,Miss,14.995845623038399,12.491949171766587,8.841949171766586,8.499300000000002,208.35789999999997,5.25315637805271,93.31120000000001,0.8607481397716406,172.6122,38.19839999999999
13,1,19,Darkness,8,8,Miss,9.882158340160307,8.257652212342194,4.607652212342194,0.0,217.0031,5.2755828839192445,95.29320000000001,0.698706080635721,182.2587,40.53990000000002
13,1,19,Darkness,9,9,Miss,19.56650629264203,6.129725351922385,2.4797253519223856,0.0,216.0425,5.22787395534508,92.68210000000002,0.0,182.59910000000002,40.279600000000016
13,1,19,Darkness,10,10,Miss,9.264022339135424,5.399256902574652,1.7492569025746523,0.0,210.40040000000002,5.382845625375638,90.81960000000004,0.0,172.6544,39.675700000000006
13,1,19,Daylight,1,11,Miss,19.018806459397,5.18683908175298,1.536839081752981,0.0,213.71080000000003,5.327607362831341,92.2507,0.8884213440453026,175.9762,37.1284
13,1,19,Daylight,2,12,Miss,9.927676563526846,6.044639325882073,2.394639325882074,0.0,211.82070000000002,5.49678683037904,89.06050000000002,0.6366252456756493,173.0711,39.1109
13,1,19,Daylight,3,13,Miss,6.139971349281686,6.139971349281686,2.489971349281687,0.0,212.16190000000003,5.875099065547448,89.9033,0.0,171.0593,38.0564
13,1,19,Daylight,4,14,Miss,9.86758405335371,6.125717645304918,2.4757176453049183,0.1651000000000007,212.5216,5.530651607244962,88.99040000000002,0.0,171.12830000000002,38.429800000000014
13,1,19,Daylight,5,15,Miss,4.648358175743375,3.093557049740642,0.0,0.0,211.8989,5.3875161273591985,89.46809999999999,0.3578921201706234,170.39310000000003,38.10700000000001
13,1,19,Daylight,6,16,Miss,12.34483603941342,12.34483603941342,8.69483603941342,0.0,208.458,5.180217513370341,86.85470000000001,0.6040294781440798,171.83770000000004,42.27590000000002
13,1,19,Daylight,7,17,Miss,11.008791926910055,6.7066230466606624,3.056623046660663,0.0,211.10840000000002,5.516985526922018,87.82939999999999,0.7199019833802844,170.91170000000002,38.31370000000001
13,1,19,Daylight,8,18,Miss,5.781626029068306,5.781626029068306,2.1316260290683067,0.0,212.1919,5.2136005404212495,92.3649,0.5756345793944383,174.24060000000003,39.23010000000001
13,1,19,Daylight,9,19,Miss,12.099440491609506,9.136689283870835,5.486689283870835,5.487100000000001,208.8029,5.172992955213789,94.7869,0.1810956524933698,175.55380000000002,41.66090000000001
13,1,19,Daylight,10,20,Miss,20.17401283681561,5.713460451425221,2.0634604514252217,0.0,209.57270000000003,5.214505892644858,91.20030000000003,1.6156163690943137,174.42510000000001,39.08149999999999
13,2,20,Darkness,1,1,Miss,16.107779965594265,14.843566652593976,11.193566652593976,10.6583,202.794,5.318433576708954,80.59469999999997,0.0,167.2409,60.525700000000015
13,2,20,Darkness,2,2,Miss,22.912869322937272,21.32819612672389,17.67819612672389,20.6144,209.0662,5.19144391327293,84.4052,2.2954715476694942,172.6396,
13,2,20,Darkness,3,3,Miss,21.290227165767867,20.724675546314348,17.07467554631435,16.8246,203.2105,5.1474484707023365,87.59100000000002,1.6879740515240595,169.8136,48.7565
13,2,20,Darkness,4,4,Miss,17.25028612110535,17.200131467230126,13.550131467230127,14.276299999999999,203.963,4.9489889503377,81.97020000000002,1.7160943089204295,170.5645,48.06749999999998
13,2,20,Darkness,5,5,Miss,16.83611719310602,16.83611719310602,13.186117193106021,8.412499999999998,208.50199999999998,5.392215892220369,86.45450000000001,1.8661692062730615,168.7696,47.3618
13,2,20,Darkness,6,6,Miss,13.207893145009912,13.207893145009912,9.557893145009913,2.174400000000001,205.38930000000002,5.734638761467174,83.02500000000002,1.9786056756773445,164.2919,
13,2,20,Darkness,7,7,Miss,5.6399276821604705,5.384269542844231,1.7342695428442312,1.3181000000000003,199.2308,4.873816360171508,86.9567,1.8914364347697872,165.4603,44.075800000000015
13,2,20,Darkness,8,8,Miss,14.12658497372948,14.12658497372948,10.47658497372948,0.0,202.04209999999998,5.728960171942357,82.7933,1.9068839677055847,162.0248,44.21069999999999
13,2,20,Darkness,9,9,Miss,8.654348101965855,8.089741613302614,4.439741613302615,4.261500000000001,198.0352,5.16755456630878,85.0945,1.9466376768050337,164.397,41.6345
13,2,20,Darkness,10,10,Miss,18.05257571567005,18.05257571567005,14.40257571567005,13.866900000000001,201.67030000000003,5.446422450897701,81.69100000000002,1.909710294771159,162.8563,41.69190000000002
13,2,20,Daylight,1,11,Miss,5.934697918175786,5.934697918175786,2.2846979181757865,0.0,201.0457,4.855667532554497,80.3812,1.9009885675448357,169.2591,42.14930000000001
13,2,20,Daylight,2,12,Miss,4.4950282268301756,0.2767703741371238,0.0,0.0,199.3656,5.072620163483534,82.21290000000002,1.7646642939829709,161.2998,
13,2,20,Daylight,3,13,Miss,6.59261354168436,6.59261354168436,2.94261354168436,3.3122000000000007,200.95430000000002,4.998104361153339,82.5505,1.860797808194326,163.95350000000002,42.44250000000001
13,2,20,Daylight,4,14,Miss,14.710321512122025,14.710321512122025,11.060321512122027,7.176099999999999,201.9434,5.332691091909495,82.52710000000002,1.8219182335985418,163.5027,40.94752806272459
13,2,20,Daylight,5,15,Miss,6.243113506096137,6.243113506096137,2.593113506096137,0.0,199.2124,4.880788578601088,82.69649999999999,1.8936556967479756,164.81640000000002,39.866
13,2,20,Daylight,6,16,Miss,6.24396747669301,5.6930417695639655,2.043041769563966,34.2605,198.3511,4.991570486371445,79.19,1.9473046326317822,160.71980000000002,40.51850000000002
13,2,20,Daylight,7,17,Miss,12.520359579500909,12.520359579500909,8.87035957950091,6.785800000000001,198.5554,5.459759660722284,80.17800000000003,1.8385457064669533,158.9619,41.73829999999998
13,2,20,Daylight,8,18,Miss,9.373736957051872,7.33959461073975,3.689594610739751,0.0,199.81249999999997,5.199491087168344,78.2243,1.9407176162566286,161.5113,42.685900000000004
13,2,20,Daylight,9,19,Miss,7.135346030852322,6.698234409902354,3.0482344099023546,3.3000000000000007,197.52599999999998,5.117221631721856,79.30199999999999,1.9255075532823742,158.082,38.4012
13,2,20,Daylight,10,20,Miss,10.52992358661734,10.52992358661734,6.87992358661734,2.5699000000000005,200.2576,5.562438871616362,80.452,2.0133172733988305,159.2545,42.1524
14,1,21,Darkness,1,1,Miss,10.165250554216552,9.858241638852233,6.2082416388522335,0.0,191.8953,5.578959952934139,97.2633,1.5251205936094296,151.5608,
14,1,21,Darkness,2,2,Miss,9.905868600985976,6.738024041215651,3.088024041215651,1.797900000000002,202.5449,5.622117323073597,94.33729999999998,1.9952255547966342,157.9038,
14,1,21,Darkness,3,3,Miss,9.300459384890614,9.28895764389094,5.638957643890941,0.0,204.40759999999997,5.280513961289224,98.2512,1.5868601329140517,168.5298,
14,1,21,Darkness,4,4,Miss,9.032528138898869,9.032528138898869,5.382528138898869,0.0,200.36959999999996,5.177015149740862,94.93379999999998,1.6708688764960526,164.075,39.04969999999999
14,1,21,Darkness,5,5,Miss,8.329654283942395,6.687764886716642,3.0377648867166425,16.855900000000002,202.4915,5.457554761541462,95.6246,,162.5948,38.62429999999999
14,1,21,Darkness,6,6,Miss,8.985174036155325,5.983728077879197,2.333728077879197,13.494899999999998,202.65189999999998,5.408568551163602,94.06089999999999,1.637569401570075,162.4962,
14,1,21,Darkness,7,7,Miss,8.291573460447655,8.291573460447655,4.641573460447655,3.3081000000000005,200.9716,5.661427305584639,101.3122,0.17082168699722167,159.8619,44.19290000000001
14,1,21,Darkness,8,8,Miss,5.3954250333036775,5.3954250333036775,1.745425033303678,0.24120000000000008,205.8035,5.679153664431365,92.30739999999999,1.4313454148394478,156.6361,39.71729999999998
14,1,21,Darkness,9,9,Miss,9.319126581391618,7.06089903057677,3.41089903057677,20.397400000000005,206.2514,5.499931081178366,92.12249999999999,1.8340854972945302,164.7182,36.991699999999994
14,1,21,Darkness,10,10,Miss,5.124391223355213,5.124391223355213,1.4743912233552132,0.0,208.93739999999997,5.625643356031507,95.76969999999999,0.0,161.86409999999998,
14,1,21,Daylight,1,11,Miss,11.741978556018577,7.9721186073715655,4.322118607371566,0.0,195.1335,5.524591103440701,94.2925,1.7934043283984196,155.18869999999998,39.672499999999985
14,1,21,Daylight,2,12,Miss,8.052928931140531,8.052928931140531,4.402928931140532,0.0,201.7259,6.093203252544273,91.44619999999999,1.9124384017453153,151.83579999999998,39.98009999999999
14,1,21,Daylight,3,13,Miss,9.62255384500395,9.62255384500395,5.97255384500395,0.0,196.3063,5.990404346988729,92.0047,1.632587096600461,143.4004,42.4165
14,1,21,Daylight,4,14,Miss,11.831227760887716,11.831227760887716,8.181227760887715,0.0,203.03939999999997,6.09775410825687,93.00190000000002,1.5259373616302192,154.13569999999999,
14,1,21,Daylight,5,15,Miss,8.657341325141322,5.302856941310017,1.6528569413100174,0.0,199.04729999999998,5.351300897853519,87.97809999999997,1.8036331524802927,155.11589999999998,34.07549999999998
14,1,21,Daylight,6,16,Miss,5.017805944832866,5.017805944832866,1.3678059448328668,0.30530000000000035,197.18949999999998,5.7488433884692025,90.37570000000001,1.6552796957948335,146.65239999999997,44.436800000000005
14,1,21,Daylight,7,17,Miss,8.533964073629551,5.307986135061005,1.6579861350610052,0.0,200.74529999999996,5.46134980369872,88.02119999999998,1.7114625479154595,151.6078,42.01995502008033
14,1,21,Daylight,8,18,Miss,10.676838875809628,5.4361544946772735,1.786154494677274,27.143000000000004,202.7061,5.550590897102751,91.9347,1.6866747839992258,158.0947,39.67880000000001
14,1,21,Daylight,9,19,Miss,10.624839769615347,10.624839769615347,6.974839769615348,0.0,205.50749999999996,5.620362568987576,91.0767,1.643091901251028,158.35819999999998,35.29259999999999
14,1,21,Daylight,10,20,Miss,8.671333388816265,5.427782388784557,1.7777823887845576,0.0,195.77289999999996,5.385535258554752,91.772,2.5112280123013013,149.7377,38.655199999999994
14,2,22,Darkness,1,1,Miss,34.69261168404593,34.69261168404593,31.04261168404593,1.7414000000000005,203.81769999999997,6.42047764699391,93.51380000000003,2.4432753181786877,157.5915,
14,2,22,Darkness,2,2,Miss,22.09596652264843,22.09596652264843,18.44596652264843,4.853800000000002,208.5057,5.591666488076117,95.7485,2.204629649980868,169.7861,
14,2,22,Darkness,3,3,Miss,14.632293067732062,14.632293067732062,10.982293067732062,3.9610000000000003,209.4376,5.976518729955551,91.12380000000002,2.214706422897366,169.0411,
14,2,22,Darkness,4,4,Miss,13.447255937179161,13.447255937179161,9.797255937179163,4.541700000000001,210.26219999999998,5.792950406562718,89.47820000000002,2.2091486383124037,168.86950000000002,
14,2,22,Darkness,5,5,Miss,9.134005323514984,6.62919789190215,2.9791978919021505,0.0,201.8488,5.282636737662125,89.24690000000001,1.9790643281902334,166.8702,
14,2,22,Darkness,6,6,Miss,8.554714098670983,6.967182838134795,3.317182838134795,3.105800000000002,212.5538,5.273772203898434,89.79729999999998,1.9737627689362598,179.4228,
14,2,22,Darkness,7,7,Miss,8.285429710039189,5.2010692458378065,1.551069245837807,25.7009,210.898,5.349982428810062,89.4632,2.021417455961115,169.27949999999998,
14,2,22,Darkness,8,8,Miss,6.552554221065249,6.552554221065249,2.90255422106525,0.0,214.9285,5.752531922407784,94.27270000000001,1.9885089730604064,176.5241,41.73470000000002
14,2,22,Darkness,9,9,Hit,3.777553182947933,2.5186718053005106,0.0,0.0,213.16729999999998,5.277454108601422,93.21710000000002,2.0039691932252515,176.7278,
14,2,22,Darkness,10,10,Miss,17.982706272694344,17.982706272694344,14.332706272694345,2.052200000000001,212.9699,5.684184514981738,94.9145,2.2883279591034746,175.0196,
14,2,22,Daylight,1,11,Miss,11.84531978673434,11.84531978673434,8.195319786734341,0.0,213.58699999999996,5.892731519442471,94.25390000000002,2.0346843255031555,173.32150000000001,
14,2,22,Daylight,2,12,Miss,8.130842210988975,8.130842210988975,4.480842210988976,1.1373000000000006,211.2232,5.733438808000875,94.41649999999998,2.155144829878181,174.9869,
14,2,22,Daylight,3,13,Miss,9.569579186672735,5.540572771835042,1.8905727718350427,0.0,211.422,5.1974747332543965,92.94040000000001,1.9528385449633205,176.08479999999997,
14,2,22,Daylight,4,14,Hit,4.385278647931053,2.9585625614477036,0.0,0.0,214.90669999999997,5.312124755920874,93.57560000000001,1.8825819184711434,178.32569999999998,
14,2,22,Daylight,5,15,Hit,4.6384302096722365,2.4692226914557542,0.0,0.0,211.77819999999997,5.301990899193863,92.55810000000002,1.9016525890254479,174.19459999999998,
14,2,22,Daylight,6,16,Miss,9.54587182032109,6.957369807621271,3.3073698076212716,15.1386,211.9743,5.323874299038269,90.66770000000002,1.983962604088853,176.0067,
14,2,22,Daylight,7,17,Miss,8.774046229647979,6.65058510358299,3.0005851035829902,2.7016,211.6632,5.583388915874929,90.3982,1.9873216281141364,173.13849999999996,
14,2,22,Daylight,8,18,Hit,3.3307521808144345,2.4756701371637253,0.0,0.0,213.86599999999999,5.382140694845048,92.93220000000002,2.0307987806694046,174.47659999999996,
14,2,22,Daylight,9,19,Miss,9.06123195376875,6.303631615188168,2.6536316151881687,0.0,208.0377,5.244156587167855,91.73750000000001,1.9929488559336226,173.68849999999998,
14,2,22,Daylight,10,20,Hit,3.934486328607592,0.886665630325235,0.0,0.0,211.9217,5.321180348497979,92.40570000000002,2.0775416425249724,170.1712,
